metric_id,dataset,official_source_url,source_file,source_sheet,source_cell_row_1_based,source_cell_col_1_based,population,sex,jurisdiction,period,reference_period,experience_window,indicator,value_percent,rse_percent,reliability_flag,unit,notes
Table_1.3_r10_c2_Females_Australia_Since_age_15,ABS Personal Safety Survey,https://www.abs.gov.au/statistics/people/crime-and-justice/personal-safety-australia/latest-release,PSS National prevalence and time series (Tables 1 to 8).xlsx,Table 1.3,10,2,Persons aged 18 years and over,Females,Australia,Since age 15,"2021-22 release, released 2023-03-15",Since age 15,Sexual assault since age 15,19.9,2.7,generally_reliable_rse_under_25,percent,
Table_1.3_r10_c3_Males_Australia_Since_age_15,ABS Personal Safety Survey,https://www.abs.gov.au/statistics/people/crime-and-justice/personal-safety-australia/latest-release,PSS National prevalence and time series (Tables 1 to 8).xlsx,Table 1.3,10,3,Persons aged 18 years and over,Males,Australia,Since age 15,"2021-22 release, released 2023-03-15",Since age 15,Sexual assault since age 15,5.1,18.6,generally_reliable_rse_under_25,percent,
Table_1.3_r10_c4_Persons_Australia_Since_age_15,ABS Personal Safety Survey,https://www.abs.gov.au/statistics/people/crime-and-justice/personal-safety-australia/latest-release,PSS National prevalence and time series (Tables 1 to 8).xlsx,Table 1.3,10,4,Persons aged 18 years and over,Persons,Australia,Since age 15,"2021-22 release, released 2023-03-15",Since age 15,Sexual assault since age 15,12.6,4.1,generally_reliable_rse_under_25,percent,
Table_1.3_r16_c2_Females_Australia_Since_age_15,ABS Personal Safety Survey,https://www.abs.gov.au/statistics/people/crime-and-justice/personal-safety-australia/latest-release,PSS National prevalence and time series (Tables 1 to 8).xlsx,Table 1.3,16,2,Persons aged 18 years and over,Females,Australia,Since age 15,"2021-22 release, released 2023-03-15",Since age 15,Total sexual violence since age 15,22.2,2.5,generally_reliable_rse_under_25,percent,
Table_1.3_r16_c3_Males_Australia_Since_age_15,ABS Personal Safety Survey,https://www.abs.gov.au/statistics/people/crime-and-justice/personal-safety-australia/latest-release,PSS National prevalence and time series (Tables 1 to 8).xlsx,Table 1.3,16,3,Persons aged 18 years and over,Males,Australia,Since age 15,"2021-22 release, released 2023-03-15",Since age 15,Total sexual violence since age 15,6.1,16.5,generally_reliable_rse_under_25,percent,
Table_1.3_r16_c4_Persons_Australia_Since_age_15,ABS Personal Safety Survey,https://www.abs.gov.au/statistics/people/crime-and-justice/personal-safety-australia/latest-release,PSS National prevalence and time series (Tables 1 to 8).xlsx,Table 1.3,16,4,Persons aged 18 years and over,Persons,Australia,Since age 15,"2021-22 release, released 2023-03-15",Since age 15,Total sexual violence since age 15,14.3,3.9,generally_reliable_rse_under_25,percent,
Table_1.3_r27_c2_Females_Australia_Since_age_15,ABS Personal Safety Survey,https://www.abs.gov.au/statistics/people/crime-and-justice/personal-safety-australia/latest-release,PSS National prevalence and time series (Tables 1 to 8).xlsx,Table 1.3,27,2,Persons aged 18 years and over,Females,Australia,Since age 15,"2021-22 release, released 2023-03-15",Since age 15,Total physical violence since age 15,30.8,1.9,generally_reliable_rse_under_25,percent,
Table_1.3_r27_c3_Males_Australia_Since_age_15,ABS Personal Safety Survey,https://www.abs.gov.au/statistics/people/crime-and-justice/personal-safety-australia/latest-release,PSS National prevalence and time series (Tables 1 to 8).xlsx,Table 1.3,27,3,Persons aged 18 years and over,Males,Australia,Since age 15,"2021-22 release, released 2023-03-15",Since age 15,Total physical violence since age 15,41.8,6.1,generally_reliable_rse_under_25,percent,
Table_1.3_r27_c4_Persons_Australia_Since_age_15,ABS Personal Safety Survey,https://www.abs.gov.au/statistics/people/crime-and-justice/personal-safety-australia/latest-release,PSS National prevalence and time series (Tables 1 to 8).xlsx,Table 1.3,27,4,Persons aged 18 years and over,Persons,Australia,Since age 15,"2021-22 release, released 2023-03-15",Since age 15,Total physical violence since age 15,36.2,3.6,generally_reliable_rse_under_25,percent,
Table_1.3_r38_c2_Females_Australia_Since_age_15,ABS Personal Safety Survey,https://www.abs.gov.au/statistics/people/crime-and-justice/personal-safety-australia/latest-release,PSS National prevalence and time series (Tables 1 to 8).xlsx,Table 1.3,38,2,Persons aged 18 years and over,Females,Australia,Since age 15,"2021-22 release, released 2023-03-15",Since age 15,Total violence since age 15,39.2,1.6,generally_reliable_rse_under_25,percent,
Table_1.3_r38_c3_Males_Australia_Since_age_15,ABS Personal Safety Survey,https://www.abs.gov.au/statistics/people/crime-and-justice/personal-safety-australia/latest-release,PSS National prevalence and time series (Tables 1 to 8).xlsx,Table 1.3,38,3,Persons aged 18 years and over,Males,Australia,Since age 15,"2021-22 release, released 2023-03-15",Since age 15,Total violence since age 15,42.8,6.1,generally_reliable_rse_under_25,percent,
Table_1.3_r38_c4_Persons_Australia_Since_age_15,ABS Personal Safety Survey,https://www.abs.gov.au/statistics/people/crime-and-justice/personal-safety-australia/latest-release,PSS National prevalence and time series (Tables 1 to 8).xlsx,Table 1.3,38,4,Persons aged 18 years and over,Persons,Australia,Since age 15,"2021-22 release, released 2023-03-15",Since age 15,Total violence since age 15,41.0,3.1,generally_reliable_rse_under_25,percent,
Table_2.3_r10_c2_Females_Australia_2021-22,ABS Personal Safety Survey,https://www.abs.gov.au/statistics/people/crime-and-justice/personal-safety-australia/latest-release,PSS National prevalence and time series (Tables 1 to 8).xlsx,Table 2.3,10,2,Persons aged 18 years and over,Females,Australia,2021-22,"2021-22 release, released 2023-03-15",Last 12 months,Total sexual violence in the last 12 months,1.9,10.8,generally_reliable_rse_under_25,percent,
Table_2.3_r10_c3_Males_Australia_2021-22,ABS Personal Safety Survey,https://www.abs.gov.au/statistics/people/crime-and-justice/personal-safety-australia/latest-release,PSS National prevalence and time series (Tables 1 to 8).xlsx,Table 2.3,10,3,Persons aged 18 years and over,Males,Australia,2021-22,"2021-22 release, released 2023-03-15",Last 12 months,Total sexual violence in the last 12 months,0.8,,not_available_or_not_applicable,percent,
Table_2.3_r19_c2_Females_Australia_2021-22,ABS Personal Safety Survey,https://www.abs.gov.au/statistics/people/crime-and-justice/personal-safety-australia/latest-release,PSS National prevalence and time series (Tables 1 to 8).xlsx,Table 2.3,19,2,Persons aged 18 years and over,Females,Australia,2021-22,"2021-22 release, released 2023-03-15",Last 12 months,Total physical violence in the last 12 months,2.9,8.8,generally_reliable_rse_under_25,percent,
Table_2.3_r19_c3_Males_Australia_2021-22,ABS Personal Safety Survey,https://www.abs.gov.au/statistics/people/crime-and-justice/personal-safety-australia/latest-release,PSS National prevalence and time series (Tables 1 to 8).xlsx,Table 2.3,19,3,Persons aged 18 years and over,Males,Australia,2021-22,"2021-22 release, released 2023-03-15",Last 12 months,Total physical violence in the last 12 months,6.1,16.0,generally_reliable_rse_under_25,percent,
Table_2.3_r30_c2_Females_Australia_2021-22,ABS Personal Safety Survey,https://www.abs.gov.au/statistics/people/crime-and-justice/personal-safety-australia/latest-release,PSS National prevalence and time series (Tables 1 to 8).xlsx,Table 2.3,30,2,Persons aged 18 years and over,Females,Australia,2021-22,"2021-22 release, released 2023-03-15",Last 12 months,Total violence in the last 12 months,4.2,7.0,generally_reliable_rse_under_25,percent,
Table_2.3_r30_c3_Males_Australia_2021-22,ABS Personal Safety Survey,https://www.abs.gov.au/statistics/people/crime-and-justice/personal-safety-australia/latest-release,PSS National prevalence and time series (Tables 1 to 8).xlsx,Table 2.3,30,3,Persons aged 18 years and over,Males,Australia,2021-22,"2021-22 release, released 2023-03-15",Last 12 months,Total violence in the last 12 months,6.0,16.2,generally_reliable_rse_under_25,percent,
Table_2.3_r37_c2_Females_Australia_2021-22,ABS Personal Safety Survey,https://www.abs.gov.au/statistics/people/crime-and-justice/personal-safety-australia/latest-release,PSS National prevalence and time series (Tables 1 to 8).xlsx,Table 2.3,37,2,Persons aged 18 years and over,Females,Australia,2021-22,"2021-22 release, released 2023-03-15",Last 12 months,Intimate partner or family member violence in the last 12 months,1.9,11.6,generally_reliable_rse_under_25,percent,
Table_2.3_r37_c3_Males_Australia_2021-22,ABS Personal Safety Survey,https://www.abs.gov.au/statistics/people/crime-and-justice/personal-safety-australia/latest-release,PSS National prevalence and time series (Tables 1 to 8).xlsx,Table 2.3,37,3,Persons aged 18 years and over,Males,Australia,2021-22,"2021-22 release, released 2023-03-15",Last 12 months,Intimate partner or family member violence in the last 12 months,0.7,37.9,use_with_caution_rse_25_to_50,percent,
Table_2.3_r38_c2_Females_Australia_2021-22,ABS Personal Safety Survey,https://www.abs.gov.au/statistics/people/crime-and-justice/personal-safety-australia/latest-release,PSS National prevalence and time series (Tables 1 to 8).xlsx,Table 2.3,38,2,Persons aged 18 years and over,Females,Australia,2021-22,"2021-22 release, released 2023-03-15",Last 12 months,Intimate partner violence in the last 12 months,1.5,13.2,generally_reliable_rse_under_25,percent,
Table_2.3_r38_c3_Males_Australia_2021-22,ABS Personal Safety Survey,https://www.abs.gov.au/statistics/people/crime-and-justice/personal-safety-australia/latest-release,PSS National prevalence and time series (Tables 1 to 8).xlsx,Table 2.3,38,3,Persons aged 18 years and over,Males,Australia,2021-22,"2021-22 release, released 2023-03-15",Last 12 months,Intimate partner violence in the last 12 months,0.6,44.4,use_with_caution_rse_25_to_50,percent,
Table_2.3_r39_c2_Females_Australia_2021-22,ABS Personal Safety Survey,https://www.abs.gov.au/statistics/people/crime-and-justice/personal-safety-australia/latest-release,PSS National prevalence and time series (Tables 1 to 8).xlsx,Table 2.3,39,2,Persons aged 18 years and over,Females,Australia,2021-22,"2021-22 release, released 2023-03-15",Last 12 months,Cohabiting partner violence in the last 12 months,0.9,16.1,generally_reliable_rse_under_25,percent,
Table_2.3_r39_c3_Males_Australia_2021-22,ABS Personal Safety Survey,https://www.abs.gov.au/statistics/people/crime-and-justice/personal-safety-australia/latest-release,PSS National prevalence and time series (Tables 1 to 8).xlsx,Table 2.3,39,3,Persons aged 18 years and over,Males,Australia,2021-22,"2021-22 release, released 2023-03-15",Last 12 months,Cohabiting partner violence in the last 12 months,0.5,,not_available_or_not_applicable,percent,
Table_2.3_r40_c2_Females_Australia_2021-22,ABS Personal Safety Survey,https://www.abs.gov.au/statistics/people/crime-and-justice/personal-safety-australia/latest-release,PSS National prevalence and time series (Tables 1 to 8).xlsx,Table 2.3,40,2,Persons aged 18 years and over,Females,Australia,2021-22,"2021-22 release, released 2023-03-15",Last 12 months,Boyfriend/girlfriend/date violence in the last 12 months,0.7,18.9,generally_reliable_rse_under_25,percent,
Table_2.3_r40_c3_Males_Australia_2021-22,ABS Personal Safety Survey,https://www.abs.gov.au/statistics/people/crime-and-justice/personal-safety-australia/latest-release,PSS National prevalence and time series (Tables 1 to 8).xlsx,Table 2.3,40,3,Persons aged 18 years and over,Males,Australia,2021-22,"2021-22 release, released 2023-03-15",Last 12 months,Boyfriend/girlfriend/date violence in the last 12 months,0.1,,not_available_or_not_applicable,percent,
Table_3.1_r11_c2_Females_Australia_1996,ABS Personal Safety Survey,https://www.abs.gov.au/statistics/people/crime-and-justice/personal-safety-australia/latest-release,PSS National prevalence and time series (Tables 1 to 8).xlsx,Table 3.1,11,2,Persons aged 18 years and over,Females,Australia,1996,"2021-22 release, released 2023-03-15",Last 12 months,Total sexual violence in the last 12 months,1.9,11.8,generally_reliable_rse_under_25,percent,Some ABS time-series indicators have comparability cautions; check table footnotes.
Table_3.1_r11_c3_Females_Australia_2005,ABS Personal Safety Survey,https://www.abs.gov.au/statistics/people/crime-and-justice/personal-safety-australia/latest-release,PSS National prevalence and time series (Tables 1 to 8).xlsx,Table 3.1,11,3,Persons aged 18 years and over,Females,Australia,2005,"2021-22 release, released 2023-03-15",Last 12 months,Total sexual violence in the last 12 months,1.6,8.4,generally_reliable_rse_under_25,percent,Some ABS time-series indicators have comparability cautions; check table footnotes.
Table_3.1_r11_c4_Females_Australia_2012,ABS Personal Safety Survey,https://www.abs.gov.au/statistics/people/crime-and-justice/personal-safety-australia/latest-release,PSS National prevalence and time series (Tables 1 to 8).xlsx,Table 3.1,11,4,Persons aged 18 years and over,Females,Australia,2012,"2021-22 release, released 2023-03-15",Last 12 months,Total sexual violence in the last 12 months,1.2,13.8,generally_reliable_rse_under_25,percent,Some ABS time-series indicators have comparability cautions; check table footnotes.
Table_3.1_r11_c5_Females_Australia_2016,ABS Personal Safety Survey,https://www.abs.gov.au/statistics/people/crime-and-justice/personal-safety-australia/latest-release,PSS National prevalence and time series (Tables 1 to 8).xlsx,Table 3.1,11,5,Persons aged 18 years and over,Females,Australia,2016,"2021-22 release, released 2023-03-15",Last 12 months,Total sexual violence in the last 12 months,1.8,11.2,generally_reliable_rse_under_25,percent,Some ABS time-series indicators have comparability cautions; check table footnotes.
Table_3.1_r11_c6_Females_Australia_2021-22,ABS Personal Safety Survey,https://www.abs.gov.au/statistics/people/crime-and-justice/personal-safety-australia/latest-release,PSS National prevalence and time series (Tables 1 to 8).xlsx,Table 3.1,11,6,Persons aged 18 years and over,Females,Australia,2021-22,"2021-22 release, released 2023-03-15",Last 12 months,Total sexual violence in the last 12 months,1.9,10.8,generally_reliable_rse_under_25,percent,Some ABS time-series indicators have comparability cautions; check table footnotes.
Table_3.1_r11_c7_Males_Australia_2005,ABS Personal Safety Survey,https://www.abs.gov.au/statistics/people/crime-and-justice/personal-safety-australia/latest-release,PSS National prevalence and time series (Tables 1 to 8).xlsx,Table 3.1,11,7,Persons aged 18 years and over,Males,Australia,2005,"2021-22 release, released 2023-03-15",Last 12 months,Total sexual violence in the last 12 months,0.6,24.1,generally_reliable_rse_under_25,percent,Some ABS time-series indicators have comparability cautions; check table footnotes.
Table_3.1_r11_c8_Males_Australia_2012,ABS Personal Safety Survey,https://www.abs.gov.au/statistics/people/crime-and-justice/personal-safety-australia/latest-release,PSS National prevalence and time series (Tables 1 to 8).xlsx,Table 3.1,11,8,Persons aged 18 years and over,Males,Australia,2012,"2021-22 release, released 2023-03-15",Last 12 months,Total sexual violence in the last 12 months,0.5,31.4,use_with_caution_rse_25_to_50,percent,Some ABS time-series indicators have comparability cautions; check table footnotes.
Table_3.1_r11_c9_Males_Australia_2016,ABS Personal Safety Survey,https://www.abs.gov.au/statistics/people/crime-and-justice/personal-safety-australia/latest-release,PSS National prevalence and time series (Tables 1 to 8).xlsx,Table 3.1,11,9,Persons aged 18 years and over,Males,Australia,2016,"2021-22 release, released 2023-03-15",Last 12 months,Total sexual violence in the last 12 months,0.7,25.0,use_with_caution_rse_25_to_50,percent,Some ABS time-series indicators have comparability cautions; check table footnotes.
Table_3.1_r11_c10_Males_Australia_2021-22,ABS Personal Safety Survey,https://www.abs.gov.au/statistics/people/crime-and-justice/personal-safety-australia/latest-release,PSS National prevalence and time series (Tables 1 to 8).xlsx,Table 3.1,11,10,Persons aged 18 years and over,Males,Australia,2021-22,"2021-22 release, released 2023-03-15",Last 12 months,Total sexual violence in the last 12 months,0.8,,not_available_or_not_applicable,percent,Some ABS time-series indicators have comparability cautions; check table footnotes.
Table_3.1_r16_c2_Females_Australia_1996,ABS Personal Safety Survey,https://www.abs.gov.au/statistics/people/crime-and-justice/personal-safety-australia/latest-release,PSS National prevalence and time series (Tables 1 to 8).xlsx,Table 3.1,16,2,Persons aged 18 years and over,Females,Australia,1996,"2021-22 release, released 2023-03-15",Last 12 months,Total physical violence in the last 12 months,5.9,5.4,generally_reliable_rse_under_25,percent,Some ABS time-series indicators have comparability cautions; check table footnotes.
Table_3.1_r16_c3_Females_Australia_2005,ABS Personal Safety Survey,https://www.abs.gov.au/statistics/people/crime-and-justice/personal-safety-australia/latest-release,PSS National prevalence and time series (Tables 1 to 8).xlsx,Table 3.1,16,3,Persons aged 18 years and over,Females,Australia,2005,"2021-22 release, released 2023-03-15",Last 12 months,Total physical violence in the last 12 months,4.7,5.2,generally_reliable_rse_under_25,percent,Some ABS time-series indicators have comparability cautions; check table footnotes.
Table_3.1_r16_c4_Females_Australia_2012,ABS Personal Safety Survey,https://www.abs.gov.au/statistics/people/crime-and-justice/personal-safety-australia/latest-release,PSS National prevalence and time series (Tables 1 to 8).xlsx,Table 3.1,16,4,Persons aged 18 years and over,Females,Australia,2012,"2021-22 release, released 2023-03-15",Last 12 months,Total physical violence in the last 12 months,4.6,6.0,generally_reliable_rse_under_25,percent,Some ABS time-series indicators have comparability cautions; check table footnotes.
Table_3.1_r16_c5_Females_Australia_2016,ABS Personal Safety Survey,https://www.abs.gov.au/statistics/people/crime-and-justice/personal-safety-australia/latest-release,PSS National prevalence and time series (Tables 1 to 8).xlsx,Table 3.1,16,5,Persons aged 18 years and over,Females,Australia,2016,"2021-22 release, released 2023-03-15",Last 12 months,Total physical violence in the last 12 months,3.5,5.9,generally_reliable_rse_under_25,percent,Some ABS time-series indicators have comparability cautions; check table footnotes.
Table_3.1_r16_c6_Females_Australia_2021-22,ABS Personal Safety Survey,https://www.abs.gov.au/statistics/people/crime-and-justice/personal-safety-australia/latest-release,PSS National prevalence and time series (Tables 1 to 8).xlsx,Table 3.1,16,6,Persons aged 18 years and over,Females,Australia,2021-22,"2021-22 release, released 2023-03-15",Last 12 months,Total physical violence in the last 12 months,2.9,8.8,generally_reliable_rse_under_25,percent,Some ABS time-series indicators have comparability cautions; check table footnotes.
Table_3.1_r16_c7_Males_Australia_2005,ABS Personal Safety Survey,https://www.abs.gov.au/statistics/people/crime-and-justice/personal-safety-australia/latest-release,PSS National prevalence and time series (Tables 1 to 8).xlsx,Table 3.1,16,7,Persons aged 18 years and over,Males,Australia,2005,"2021-22 release, released 2023-03-15",Last 12 months,Total physical violence in the last 12 months,10.4,6.1,generally_reliable_rse_under_25,percent,Some ABS time-series indicators have comparability cautions; check table footnotes.
Table_3.1_r16_c8_Males_Australia_2012,ABS Personal Safety Survey,https://www.abs.gov.au/statistics/people/crime-and-justice/personal-safety-australia/latest-release,PSS National prevalence and time series (Tables 1 to 8).xlsx,Table 3.1,16,8,Persons aged 18 years and over,Males,Australia,2012,"2021-22 release, released 2023-03-15",Last 12 months,Total physical violence in the last 12 months,8.5,7.5,generally_reliable_rse_under_25,percent,Some ABS time-series indicators have comparability cautions; check table footnotes.
Table_3.1_r16_c9_Males_Australia_2016,ABS Personal Safety Survey,https://www.abs.gov.au/statistics/people/crime-and-justice/personal-safety-australia/latest-release,PSS National prevalence and time series (Tables 1 to 8).xlsx,Table 3.1,16,9,Persons aged 18 years and over,Males,Australia,2016,"2021-22 release, released 2023-03-15",Last 12 months,Total physical violence in the last 12 months,5.4,7.0,generally_reliable_rse_under_25,percent,Some ABS time-series indicators have comparability cautions; check table footnotes.
Table_3.1_r16_c10_Males_Australia_2021-22,ABS Personal Safety Survey,https://www.abs.gov.au/statistics/people/crime-and-justice/personal-safety-australia/latest-release,PSS National prevalence and time series (Tables 1 to 8).xlsx,Table 3.1,16,10,Persons aged 18 years and over,Males,Australia,2021-22,"2021-22 release, released 2023-03-15",Last 12 months,Total physical violence in the last 12 months,6.1,16.0,generally_reliable_rse_under_25,percent,Some ABS time-series indicators have comparability cautions; check table footnotes.
Table_3.1_r21_c2_Females_Australia_1996,ABS Personal Safety Survey,https://www.abs.gov.au/statistics/people/crime-and-justice/personal-safety-australia/latest-release,PSS National prevalence and time series (Tables 1 to 8).xlsx,Table 3.1,21,2,Persons aged 18 years and over,Females,Australia,1996,"2021-22 release, released 2023-03-15",Last 12 months,Total violence in the last 12 months,7.1,5.4,generally_reliable_rse_under_25,percent,Some ABS time-series indicators have comparability cautions; check table footnotes.
Table_3.1_r21_c3_Females_Australia_2005,ABS Personal Safety Survey,https://www.abs.gov.au/statistics/people/crime-and-justice/personal-safety-australia/latest-release,PSS National prevalence and time series (Tables 1 to 8).xlsx,Table 3.1,21,3,Persons aged 18 years and over,Females,Australia,2005,"2021-22 release, released 2023-03-15",Last 12 months,Total violence in the last 12 months,5.8,4.9,generally_reliable_rse_under_25,percent,Some ABS time-series indicators have comparability cautions; check table footnotes.
Table_3.1_r21_c4_Females_Australia_2012,ABS Personal Safety Survey,https://www.abs.gov.au/statistics/people/crime-and-justice/personal-safety-australia/latest-release,PSS National prevalence and time series (Tables 1 to 8).xlsx,Table 3.1,21,4,Persons aged 18 years and over,Females,Australia,2012,"2021-22 release, released 2023-03-15",Last 12 months,Total violence in the last 12 months,5.3,5.9,generally_reliable_rse_under_25,percent,Some ABS time-series indicators have comparability cautions; check table footnotes.
Table_3.1_r21_c5_Females_Australia_2016,ABS Personal Safety Survey,https://www.abs.gov.au/statistics/people/crime-and-justice/personal-safety-australia/latest-release,PSS National prevalence and time series (Tables 1 to 8).xlsx,Table 3.1,21,5,Persons aged 18 years and over,Females,Australia,2016,"2021-22 release, released 2023-03-15",Last 12 months,Total violence in the last 12 months,4.7,5.8,generally_reliable_rse_under_25,percent,Some ABS time-series indicators have comparability cautions; check table footnotes.
Table_3.1_r21_c6_Females_Australia_2021-22,ABS Personal Safety Survey,https://www.abs.gov.au/statistics/people/crime-and-justice/personal-safety-australia/latest-release,PSS National prevalence and time series (Tables 1 to 8).xlsx,Table 3.1,21,6,Persons aged 18 years and over,Females,Australia,2021-22,"2021-22 release, released 2023-03-15",Last 12 months,Total violence in the last 12 months,4.2,7.0,generally_reliable_rse_under_25,percent,Some ABS time-series indicators have comparability cautions; check table footnotes.
Table_3.1_r21_c7_Males_Australia_2005,ABS Personal Safety Survey,https://www.abs.gov.au/statistics/people/crime-and-justice/personal-safety-australia/latest-release,PSS National prevalence and time series (Tables 1 to 8).xlsx,Table 3.1,21,7,Persons aged 18 years and over,Males,Australia,2005,"2021-22 release, released 2023-03-15",Last 12 months,Total violence in the last 12 months,10.8,6.2,generally_reliable_rse_under_25,percent,Some ABS time-series indicators have comparability cautions; check table footnotes.
Table_3.1_r21_c8_Males_Australia_2012,ABS Personal Safety Survey,https://www.abs.gov.au/statistics/people/crime-and-justice/personal-safety-australia/latest-release,PSS National prevalence and time series (Tables 1 to 8).xlsx,Table 3.1,21,8,Persons aged 18 years and over,Males,Australia,2012,"2021-22 release, released 2023-03-15",Last 12 months,Total violence in the last 12 months,8.7,7.4,generally_reliable_rse_under_25,percent,Some ABS time-series indicators have comparability cautions; check table footnotes.
Table_3.1_r21_c9_Males_Australia_2016,ABS Personal Safety Survey,https://www.abs.gov.au/statistics/people/crime-and-justice/personal-safety-australia/latest-release,PSS National prevalence and time series (Tables 1 to 8).xlsx,Table 3.1,21,9,Persons aged 18 years and over,Males,Australia,2016,"2021-22 release, released 2023-03-15",Last 12 months,Total violence in the last 12 months,6.0,6.8,generally_reliable_rse_under_25,percent,Some ABS time-series indicators have comparability cautions; check table footnotes.
Table_3.1_r21_c10_Males_Australia_2021-22,ABS Personal Safety Survey,https://www.abs.gov.au/statistics/people/crime-and-justice/personal-safety-australia/latest-release,PSS National prevalence and time series (Tables 1 to 8).xlsx,Table 3.1,21,10,Persons aged 18 years and over,Males,Australia,2021-22,"2021-22 release, released 2023-03-15",Last 12 months,Total violence in the last 12 months,6.0,16.2,generally_reliable_rse_under_25,percent,Some ABS time-series indicators have comparability cautions; check table footnotes.
Table_3.1_r26_c2_Females_Australia_1996,ABS Personal Safety Survey,https://www.abs.gov.au/statistics/people/crime-and-justice/personal-safety-australia/latest-release,PSS National prevalence and time series (Tables 1 to 8).xlsx,Table 3.1,26,2,Persons aged 18 years and over,Females,Australia,1996,"2021-22 release, released 2023-03-15",Last 12 months,Intimate partner violence in the last 12 months,,,not_available_or_not_applicable,percent,Some ABS time-series indicators have comparability cautions; check table footnotes.
Table_3.1_r26_c3_Females_Australia_2005,ABS Personal Safety Survey,https://www.abs.gov.au/statistics/people/crime-and-justice/personal-safety-australia/latest-release,PSS National prevalence and time series (Tables 1 to 8).xlsx,Table 3.1,26,3,Persons aged 18 years and over,Females,Australia,2005,"2021-22 release, released 2023-03-15",Last 12 months,Intimate partner violence in the last 12 months,2.3,7.6,generally_reliable_rse_under_25,percent,Some ABS time-series indicators have comparability cautions; check table footnotes.
Table_3.1_r26_c4_Females_Australia_2012,ABS Personal Safety Survey,https://www.abs.gov.au/statistics/people/crime-and-justice/personal-safety-australia/latest-release,PSS National prevalence and time series (Tables 1 to 8).xlsx,Table 3.1,26,4,Persons aged 18 years and over,Females,Australia,2012,"2021-22 release, released 2023-03-15",Last 12 months,Intimate partner violence in the last 12 months,2.1,8.6,generally_reliable_rse_under_25,percent,Some ABS time-series indicators have comparability cautions; check table footnotes.
Table_3.1_r26_c5_Females_Australia_2016,ABS Personal Safety Survey,https://www.abs.gov.au/statistics/people/crime-and-justice/personal-safety-australia/latest-release,PSS National prevalence and time series (Tables 1 to 8).xlsx,Table 3.1,26,5,Persons aged 18 years and over,Females,Australia,2016,"2021-22 release, released 2023-03-15",Last 12 months,Intimate partner violence in the last 12 months,2.3,9.1,generally_reliable_rse_under_25,percent,Some ABS time-series indicators have comparability cautions; check table footnotes.
Table_3.1_r26_c6_Females_Australia_2021-22,ABS Personal Safety Survey,https://www.abs.gov.au/statistics/people/crime-and-justice/personal-safety-australia/latest-release,PSS National prevalence and time series (Tables 1 to 8).xlsx,Table 3.1,26,6,Persons aged 18 years and over,Females,Australia,2021-22,"2021-22 release, released 2023-03-15",Last 12 months,Intimate partner violence in the last 12 months,1.5,13.2,generally_reliable_rse_under_25,percent,Some ABS time-series indicators have comparability cautions; check table footnotes.
Table_3.1_r26_c7_Males_Australia_2005,ABS Personal Safety Survey,https://www.abs.gov.au/statistics/people/crime-and-justice/personal-safety-australia/latest-release,PSS National prevalence and time series (Tables 1 to 8).xlsx,Table 3.1,26,7,Persons aged 18 years and over,Males,Australia,2005,"2021-22 release, released 2023-03-15",Last 12 months,Intimate partner violence in the last 12 months,0.8,22.3,generally_reliable_rse_under_25,percent,Some ABS time-series indicators have comparability cautions; check table footnotes.
Table_3.1_r26_c8_Males_Australia_2012,ABS Personal Safety Survey,https://www.abs.gov.au/statistics/people/crime-and-justice/personal-safety-australia/latest-release,PSS National prevalence and time series (Tables 1 to 8).xlsx,Table 3.1,26,8,Persons aged 18 years and over,Males,Australia,2012,"2021-22 release, released 2023-03-15",Last 12 months,Intimate partner violence in the last 12 months,0.9,16.8,generally_reliable_rse_under_25,percent,Some ABS time-series indicators have comparability cautions; check table footnotes.
Table_3.1_r26_c9_Males_Australia_2016,ABS Personal Safety Survey,https://www.abs.gov.au/statistics/people/crime-and-justice/personal-safety-australia/latest-release,PSS National prevalence and time series (Tables 1 to 8).xlsx,Table 3.1,26,9,Persons aged 18 years and over,Males,Australia,2016,"2021-22 release, released 2023-03-15",Last 12 months,Intimate partner violence in the last 12 months,1.3,16.0,generally_reliable_rse_under_25,percent,Some ABS time-series indicators have comparability cautions; check table footnotes.
Table_3.1_r26_c10_Males_Australia_2021-22,ABS Personal Safety Survey,https://www.abs.gov.au/statistics/people/crime-and-justice/personal-safety-australia/latest-release,PSS National prevalence and time series (Tables 1 to 8).xlsx,Table 3.1,26,10,Persons aged 18 years and over,Males,Australia,2021-22,"2021-22 release, released 2023-03-15",Last 12 months,Intimate partner violence in the last 12 months,0.6,44.4,use_with_caution_rse_25_to_50,percent,Some ABS time-series indicators have comparability cautions; check table footnotes.
Table_3.1_r32_c2_Females_Australia_1996,ABS Personal Safety Survey,https://www.abs.gov.au/statistics/people/crime-and-justice/personal-safety-australia/latest-release,PSS National prevalence and time series (Tables 1 to 8).xlsx,Table 3.1,32,2,Persons aged 18 years and over,Females,Australia,1996,"2021-22 release, released 2023-03-15",Last 12 months,Cohabiting partner violence in the last 12 months,,,not_available_or_not_applicable,percent,Some ABS time-series indicators have comparability cautions; check table footnotes.
Table_3.1_r32_c3_Females_Australia_2005,ABS Personal Safety Survey,https://www.abs.gov.au/statistics/people/crime-and-justice/personal-safety-australia/latest-release,PSS National prevalence and time series (Tables 1 to 8).xlsx,Table 3.1,32,3,Persons aged 18 years and over,Females,Australia,2005,"2021-22 release, released 2023-03-15",Last 12 months,Cohabiting partner violence in the last 12 months,1.5,9.8,generally_reliable_rse_under_25,percent,Some ABS time-series indicators have comparability cautions; check table footnotes.
Table_3.1_r32_c4_Females_Australia_2012,ABS Personal Safety Survey,https://www.abs.gov.au/statistics/people/crime-and-justice/personal-safety-australia/latest-release,PSS National prevalence and time series (Tables 1 to 8).xlsx,Table 3.1,32,4,Persons aged 18 years and over,Females,Australia,2012,"2021-22 release, released 2023-03-15",Last 12 months,Cohabiting partner violence in the last 12 months,1.5,10.0,generally_reliable_rse_under_25,percent,Some ABS time-series indicators have comparability cautions; check table footnotes.
Table_3.1_r32_c5_Females_Australia_2016,ABS Personal Safety Survey,https://www.abs.gov.au/statistics/people/crime-and-justice/personal-safety-australia/latest-release,PSS National prevalence and time series (Tables 1 to 8).xlsx,Table 3.1,32,5,Persons aged 18 years and over,Females,Australia,2016,"2021-22 release, released 2023-03-15",Last 12 months,Cohabiting partner violence in the last 12 months,1.7,9.003601440576231,generally_reliable_rse_under_25,percent,Some ABS time-series indicators have comparability cautions; check table footnotes.
Table_3.1_r32_c6_Females_Australia_2021-22,ABS Personal Safety Survey,https://www.abs.gov.au/statistics/people/crime-and-justice/personal-safety-australia/latest-release,PSS National prevalence and time series (Tables 1 to 8).xlsx,Table 3.1,32,6,Persons aged 18 years and over,Females,Australia,2021-22,"2021-22 release, released 2023-03-15",Last 12 months,Cohabiting partner violence in the last 12 months,0.9,16.1,generally_reliable_rse_under_25,percent,Some ABS time-series indicators have comparability cautions; check table footnotes.
Table_3.1_r32_c7_Males_Australia_2005,ABS Personal Safety Survey,https://www.abs.gov.au/statistics/people/crime-and-justice/personal-safety-australia/latest-release,PSS National prevalence and time series (Tables 1 to 8).xlsx,Table 3.1,32,7,Persons aged 18 years and over,Males,Australia,2005,"2021-22 release, released 2023-03-15",Last 12 months,Cohabiting partner violence in the last 12 months,0.4,25.5,use_with_caution_rse_25_to_50,percent,Some ABS time-series indicators have comparability cautions; check table footnotes.
Table_3.1_r32_c8_Males_Australia_2012,ABS Personal Safety Survey,https://www.abs.gov.au/statistics/people/crime-and-justice/personal-safety-australia/latest-release,PSS National prevalence and time series (Tables 1 to 8).xlsx,Table 3.1,32,8,Persons aged 18 years and over,Males,Australia,2012,"2021-22 release, released 2023-03-15",Last 12 months,Cohabiting partner violence in the last 12 months,0.6,21.6,generally_reliable_rse_under_25,percent,Some ABS time-series indicators have comparability cautions; check table footnotes.
Table_3.1_r32_c9_Males_Australia_2016,ABS Personal Safety Survey,https://www.abs.gov.au/statistics/people/crime-and-justice/personal-safety-australia/latest-release,PSS National prevalence and time series (Tables 1 to 8).xlsx,Table 3.1,32,9,Persons aged 18 years and over,Males,Australia,2016,"2021-22 release, released 2023-03-15",Last 12 months,Cohabiting partner violence in the last 12 months,0.8,18.8,generally_reliable_rse_under_25,percent,Some ABS time-series indicators have comparability cautions; check table footnotes.
Table_3.1_r32_c10_Males_Australia_2021-22,ABS Personal Safety Survey,https://www.abs.gov.au/statistics/people/crime-and-justice/personal-safety-australia/latest-release,PSS National prevalence and time series (Tables 1 to 8).xlsx,Table 3.1,32,10,Persons aged 18 years and over,Males,Australia,2021-22,"2021-22 release, released 2023-03-15",Last 12 months,Cohabiting partner violence in the last 12 months,0.5,,not_available_or_not_applicable,percent,Some ABS time-series indicators have comparability cautions; check table footnotes.
Table_3.1_r35_c2_Females_Australia_1996,ABS Personal Safety Survey,https://www.abs.gov.au/statistics/people/crime-and-justice/personal-safety-australia/latest-release,PSS National prevalence and time series (Tables 1 to 8).xlsx,Table 3.1,35,2,Persons aged 18 years and over,Females,Australia,1996,"2021-22 release, released 2023-03-15",Last 12 months,Cohabiting partner emotional abuse in the last 12 months,,,not_available_or_not_applicable,percent,Some ABS time-series indicators have comparability cautions; check table footnotes.
Table_3.1_r35_c3_Females_Australia_2005,ABS Personal Safety Survey,https://www.abs.gov.au/statistics/people/crime-and-justice/personal-safety-australia/latest-release,PSS National prevalence and time series (Tables 1 to 8).xlsx,Table 3.1,35,3,Persons aged 18 years and over,Females,Australia,2005,"2021-22 release, released 2023-03-15",Last 12 months,Cohabiting partner emotional abuse in the last 12 months,,,not_available_or_not_applicable,percent,Some ABS time-series indicators have comparability cautions; check table footnotes.
Table_3.1_r35_c4_Females_Australia_2012,ABS Personal Safety Survey,https://www.abs.gov.au/statistics/people/crime-and-justice/personal-safety-australia/latest-release,PSS National prevalence and time series (Tables 1 to 8).xlsx,Table 3.1,35,4,Persons aged 18 years and over,Females,Australia,2012,"2021-22 release, released 2023-03-15",Last 12 months,Cohabiting partner emotional abuse in the last 12 months,4.7,5.6,generally_reliable_rse_under_25,percent,Some ABS time-series indicators have comparability cautions; check table footnotes.
Table_3.1_r35_c5_Females_Australia_2016,ABS Personal Safety Survey,https://www.abs.gov.au/statistics/people/crime-and-justice/personal-safety-australia/latest-release,PSS National prevalence and time series (Tables 1 to 8).xlsx,Table 3.1,35,5,Persons aged 18 years and over,Females,Australia,2016,"2021-22 release, released 2023-03-15",Last 12 months,Cohabiting partner emotional abuse in the last 12 months,4.8,5.4,generally_reliable_rse_under_25,percent,Some ABS time-series indicators have comparability cautions; check table footnotes.
Table_3.1_r35_c6_Females_Australia_2021-22,ABS Personal Safety Survey,https://www.abs.gov.au/statistics/people/crime-and-justice/personal-safety-australia/latest-release,PSS National prevalence and time series (Tables 1 to 8).xlsx,Table 3.1,35,6,Persons aged 18 years and over,Females,Australia,2021-22,"2021-22 release, released 2023-03-15",Last 12 months,Cohabiting partner emotional abuse in the last 12 months,3.9,6.6,generally_reliable_rse_under_25,percent,Some ABS time-series indicators have comparability cautions; check table footnotes.
Table_3.1_r35_c7_Males_Australia_2005,ABS Personal Safety Survey,https://www.abs.gov.au/statistics/people/crime-and-justice/personal-safety-australia/latest-release,PSS National prevalence and time series (Tables 1 to 8).xlsx,Table 3.1,35,7,Persons aged 18 years and over,Males,Australia,2005,"2021-22 release, released 2023-03-15",Last 12 months,Cohabiting partner emotional abuse in the last 12 months,,,not_available_or_not_applicable,percent,Some ABS time-series indicators have comparability cautions; check table footnotes.
Table_3.1_r35_c8_Males_Australia_2012,ABS Personal Safety Survey,https://www.abs.gov.au/statistics/people/crime-and-justice/personal-safety-australia/latest-release,PSS National prevalence and time series (Tables 1 to 8).xlsx,Table 3.1,35,8,Persons aged 18 years and over,Males,Australia,2012,"2021-22 release, released 2023-03-15",Last 12 months,Cohabiting partner emotional abuse in the last 12 months,2.8,9.4,generally_reliable_rse_under_25,percent,Some ABS time-series indicators have comparability cautions; check table footnotes.
Table_3.1_r35_c9_Males_Australia_2016,ABS Personal Safety Survey,https://www.abs.gov.au/statistics/people/crime-and-justice/personal-safety-australia/latest-release,PSS National prevalence and time series (Tables 1 to 8).xlsx,Table 3.1,35,9,Persons aged 18 years and over,Males,Australia,2016,"2021-22 release, released 2023-03-15",Last 12 months,Cohabiting partner emotional abuse in the last 12 months,4.2,8.503401360544217,generally_reliable_rse_under_25,percent,Some ABS time-series indicators have comparability cautions; check table footnotes.
Table_3.1_r35_c10_Males_Australia_2021-22,ABS Personal Safety Survey,https://www.abs.gov.au/statistics/people/crime-and-justice/personal-safety-australia/latest-release,PSS National prevalence and time series (Tables 1 to 8).xlsx,Table 3.1,35,10,Persons aged 18 years and over,Males,Australia,2021-22,"2021-22 release, released 2023-03-15",Last 12 months,Cohabiting partner emotional abuse in the last 12 months,2.5,18.7,generally_reliable_rse_under_25,percent,Some ABS time-series indicators have comparability cautions; check table footnotes.
Table_3.1_r40_c2_Females_Australia_1996,ABS Personal Safety Survey,https://www.abs.gov.au/statistics/people/crime-and-justice/personal-safety-australia/latest-release,PSS National prevalence and time series (Tables 1 to 8).xlsx,Table 3.1,40,2,Persons aged 18 years and over,Females,Australia,1996,"2021-22 release, released 2023-03-15",Last 12 months,Sexual harassment in the last 12 months,,,not_available_or_not_applicable,percent,Some ABS time-series indicators have comparability cautions; check table footnotes.
Table_3.1_r40_c3_Females_Australia_2005,ABS Personal Safety Survey,https://www.abs.gov.au/statistics/people/crime-and-justice/personal-safety-australia/latest-release,PSS National prevalence and time series (Tables 1 to 8).xlsx,Table 3.1,40,3,Persons aged 18 years and over,Females,Australia,2005,"2021-22 release, released 2023-03-15",Last 12 months,Sexual harassment in the last 12 months,19.0,2.1,generally_reliable_rse_under_25,percent,Some ABS time-series indicators have comparability cautions; check table footnotes.
Table_3.1_r40_c4_Females_Australia_2012,ABS Personal Safety Survey,https://www.abs.gov.au/statistics/people/crime-and-justice/personal-safety-australia/latest-release,PSS National prevalence and time series (Tables 1 to 8).xlsx,Table 3.1,40,4,Persons aged 18 years and over,Females,Australia,2012,"2021-22 release, released 2023-03-15",Last 12 months,Sexual harassment in the last 12 months,14.8,3.0,generally_reliable_rse_under_25,percent,Some ABS time-series indicators have comparability cautions; check table footnotes.
Table_3.1_r40_c5_Females_Australia_2016,ABS Personal Safety Survey,https://www.abs.gov.au/statistics/people/crime-and-justice/personal-safety-australia/latest-release,PSS National prevalence and time series (Tables 1 to 8).xlsx,Table 3.1,40,5,Persons aged 18 years and over,Females,Australia,2016,"2021-22 release, released 2023-03-15",Last 12 months,Sexual harassment in the last 12 months,17.3,3.2,generally_reliable_rse_under_25,percent,Some ABS time-series indicators have comparability cautions; check table footnotes.
Table_3.1_r40_c6_Females_Australia_2021-22,ABS Personal Safety Survey,https://www.abs.gov.au/statistics/people/crime-and-justice/personal-safety-australia/latest-release,PSS National prevalence and time series (Tables 1 to 8).xlsx,Table 3.1,40,6,Persons aged 18 years and over,Females,Australia,2021-22,"2021-22 release, released 2023-03-15",Last 12 months,Sexual harassment in the last 12 months,12.6,3.3,generally_reliable_rse_under_25,percent,Some ABS time-series indicators have comparability cautions; check table footnotes.
Table_3.1_r40_c7_Males_Australia_2005,ABS Personal Safety Survey,https://www.abs.gov.au/statistics/people/crime-and-justice/personal-safety-australia/latest-release,PSS National prevalence and time series (Tables 1 to 8).xlsx,Table 3.1,40,7,Persons aged 18 years and over,Males,Australia,2005,"2021-22 release, released 2023-03-15",Last 12 months,Sexual harassment in the last 12 months,11.6,5.3,generally_reliable_rse_under_25,percent,Some ABS time-series indicators have comparability cautions; check table footnotes.
Table_3.1_r40_c8_Males_Australia_2012,ABS Personal Safety Survey,https://www.abs.gov.au/statistics/people/crime-and-justice/personal-safety-australia/latest-release,PSS National prevalence and time series (Tables 1 to 8).xlsx,Table 3.1,40,8,Persons aged 18 years and over,Males,Australia,2012,"2021-22 release, released 2023-03-15",Last 12 months,Sexual harassment in the last 12 months,6.6,7.4,generally_reliable_rse_under_25,percent,Some ABS time-series indicators have comparability cautions; check table footnotes.
Table_3.1_r40_c9_Males_Australia_2016,ABS Personal Safety Survey,https://www.abs.gov.au/statistics/people/crime-and-justice/personal-safety-australia/latest-release,PSS National prevalence and time series (Tables 1 to 8).xlsx,Table 3.1,40,9,Persons aged 18 years and over,Males,Australia,2016,"2021-22 release, released 2023-03-15",Last 12 months,Sexual harassment in the last 12 months,9.3,6.3,generally_reliable_rse_under_25,percent,Some ABS time-series indicators have comparability cautions; check table footnotes.
Table_3.1_r40_c10_Males_Australia_2021-22,ABS Personal Safety Survey,https://www.abs.gov.au/statistics/people/crime-and-justice/personal-safety-australia/latest-release,PSS National prevalence and time series (Tables 1 to 8).xlsx,Table 3.1,40,10,Persons aged 18 years and over,Males,Australia,2021-22,"2021-22 release, released 2023-03-15",Last 12 months,Sexual harassment in the last 12 months,4.5,17.8,generally_reliable_rse_under_25,percent,Some ABS time-series indicators have comparability cautions; check table footnotes.
Table_3.1_r49_c2_Females_Australia_1996,ABS Personal Safety Survey,https://www.abs.gov.au/statistics/people/crime-and-justice/personal-safety-australia/latest-release,PSS National prevalence and time series (Tables 1 to 8).xlsx,Table 3.1,49,2,Persons aged 18 years and over,Females,Australia,1996,"2021-22 release, released 2023-03-15",Last 12 months,Stalking in the last 12 months,,,not_available_or_not_applicable,percent,Some ABS time-series indicators have comparability cautions; check table footnotes.
Table_3.1_r49_c3_Females_Australia_2005,ABS Personal Safety Survey,https://www.abs.gov.au/statistics/people/crime-and-justice/personal-safety-australia/latest-release,PSS National prevalence and time series (Tables 1 to 8).xlsx,Table 3.1,49,3,Persons aged 18 years and over,Females,Australia,2005,"2021-22 release, released 2023-03-15",Last 12 months,Stalking in the last 12 months,,,not_available_or_not_applicable,percent,Some ABS time-series indicators have comparability cautions; check table footnotes.
Table_3.1_r49_c4_Females_Australia_2012,ABS Personal Safety Survey,https://www.abs.gov.au/statistics/people/crime-and-justice/personal-safety-australia/latest-release,PSS National prevalence and time series (Tables 1 to 8).xlsx,Table 3.1,49,4,Persons aged 18 years and over,Females,Australia,2012,"2021-22 release, released 2023-03-15",Last 12 months,Stalking in the last 12 months,,,not_available_or_not_applicable,percent,Some ABS time-series indicators have comparability cautions; check table footnotes.
Table_3.1_r49_c5_Females_Australia_2016,ABS Personal Safety Survey,https://www.abs.gov.au/statistics/people/crime-and-justice/personal-safety-australia/latest-release,PSS National prevalence and time series (Tables 1 to 8).xlsx,Table 3.1,49,5,Persons aged 18 years and over,Females,Australia,2016,"2021-22 release, released 2023-03-15",Last 12 months,Stalking in the last 12 months,,,not_available_or_not_applicable,percent,Some ABS time-series indicators have comparability cautions; check table footnotes.
Table_3.1_r49_c6_Females_Australia_2021-22,ABS Personal Safety Survey,https://www.abs.gov.au/statistics/people/crime-and-justice/personal-safety-australia/latest-release,PSS National prevalence and time series (Tables 1 to 8).xlsx,Table 3.1,49,6,Persons aged 18 years and over,Females,Australia,2021-22,"2021-22 release, released 2023-03-15",Last 12 months,Stalking in the last 12 months,,,not_available_or_not_applicable,percent,Some ABS time-series indicators have comparability cautions; check table footnotes.
Table_3.1_r49_c7_Males_Australia_2005,ABS Personal Safety Survey,https://www.abs.gov.au/statistics/people/crime-and-justice/personal-safety-australia/latest-release,PSS National prevalence and time series (Tables 1 to 8).xlsx,Table 3.1,49,7,Persons aged 18 years and over,Males,Australia,2005,"2021-22 release, released 2023-03-15",Last 12 months,Stalking in the last 12 months,,,not_available_or_not_applicable,percent,Some ABS time-series indicators have comparability cautions; check table footnotes.
Table_3.1_r49_c8_Males_Australia_2012,ABS Personal Safety Survey,https://www.abs.gov.au/statistics/people/crime-and-justice/personal-safety-australia/latest-release,PSS National prevalence and time series (Tables 1 to 8).xlsx,Table 3.1,49,8,Persons aged 18 years and over,Males,Australia,2012,"2021-22 release, released 2023-03-15",Last 12 months,Stalking in the last 12 months,,,not_available_or_not_applicable,percent,Some ABS time-series indicators have comparability cautions; check table footnotes.
Table_3.1_r49_c9_Males_Australia_2016,ABS Personal Safety Survey,https://www.abs.gov.au/statistics/people/crime-and-justice/personal-safety-australia/latest-release,PSS National prevalence and time series (Tables 1 to 8).xlsx,Table 3.1,49,9,Persons aged 18 years and over,Males,Australia,2016,"2021-22 release, released 2023-03-15",Last 12 months,Stalking in the last 12 months,,,not_available_or_not_applicable,percent,Some ABS time-series indicators have comparability cautions; check table footnotes.
Table_3.1_r49_c10_Males_Australia_2021-22,ABS Personal Safety Survey,https://www.abs.gov.au/statistics/people/crime-and-justice/personal-safety-australia/latest-release,PSS National prevalence and time series (Tables 1 to 8).xlsx,Table 3.1,49,10,Persons aged 18 years and over,Males,Australia,2021-22,"2021-22 release, released 2023-03-15",Last 12 months,Stalking in the last 12 months,,,not_available_or_not_applicable,percent,Some ABS time-series indicators have comparability cautions; check table footnotes.
Table_9.3_r8_c2_Women_New_South_Wales_Since_age_15,ABS Personal Safety Survey,https://www.abs.gov.au/statistics/people/crime-and-justice/personal-safety-australia/latest-release,PSS State and territory prevalence and time series (Tables 9 to 14).xlsx,Table 9.3,8,2,Women aged 18 years and over,Women,New South Wales,Since age 15,"2021-22 release, released 2023-03-15",Since age 15,Total violence since age 15,36.7,3.8,generally_reliable_rse_under_25,percent,"State/territory refers to current residence, not necessarily where the experience occurred."
Table_9.3_r8_c3_Women_Victoria_Since_age_15,ABS Personal Safety Survey,https://www.abs.gov.au/statistics/people/crime-and-justice/personal-safety-australia/latest-release,PSS State and territory prevalence and time series (Tables 9 to 14).xlsx,Table 9.3,8,3,Women aged 18 years and over,Women,Victoria,Since age 15,"2021-22 release, released 2023-03-15",Since age 15,Total violence since age 15,38.6,3.4,generally_reliable_rse_under_25,percent,"State/territory refers to current residence, not necessarily where the experience occurred."
Table_9.3_r8_c4_Women_Queensland_Since_age_15,ABS Personal Safety Survey,https://www.abs.gov.au/statistics/people/crime-and-justice/personal-safety-australia/latest-release,PSS State and territory prevalence and time series (Tables 9 to 14).xlsx,Table 9.3,8,4,Women aged 18 years and over,Women,Queensland,Since age 15,"2021-22 release, released 2023-03-15",Since age 15,Total violence since age 15,41.6,3.6,generally_reliable_rse_under_25,percent,"State/territory refers to current residence, not necessarily where the experience occurred."
Table_9.3_r8_c5_Women_South_Australia_Since_age_15,ABS Personal Safety Survey,https://www.abs.gov.au/statistics/people/crime-and-justice/personal-safety-australia/latest-release,PSS State and territory prevalence and time series (Tables 9 to 14).xlsx,Table 9.3,8,5,Women aged 18 years and over,Women,South Australia,Since age 15,"2021-22 release, released 2023-03-15",Since age 15,Total violence since age 15,39.4,3.7,generally_reliable_rse_under_25,percent,"State/territory refers to current residence, not necessarily where the experience occurred."
Table_9.3_r8_c6_Women_Western_Australia_Since_age_15,ABS Personal Safety Survey,https://www.abs.gov.au/statistics/people/crime-and-justice/personal-safety-australia/latest-release,PSS State and territory prevalence and time series (Tables 9 to 14).xlsx,Table 9.3,8,6,Women aged 18 years and over,Women,Western Australia,Since age 15,"2021-22 release, released 2023-03-15",Since age 15,Total violence since age 15,42.0,4.0,generally_reliable_rse_under_25,percent,"State/territory refers to current residence, not necessarily where the experience occurred."
Table_9.3_r8_c7_Women_Tasmania_Since_age_15,ABS Personal Safety Survey,https://www.abs.gov.au/statistics/people/crime-and-justice/personal-safety-australia/latest-release,PSS State and territory prevalence and time series (Tables 9 to 14).xlsx,Table 9.3,8,7,Women aged 18 years and over,Women,Tasmania,Since age 15,"2021-22 release, released 2023-03-15",Since age 15,Total violence since age 15,42.6,3.6,generally_reliable_rse_under_25,percent,"State/territory refers to current residence, not necessarily where the experience occurred."
Table_9.3_r8_c8_Women_Northern_Territory_Since_age_15,ABS Personal Safety Survey,https://www.abs.gov.au/statistics/people/crime-and-justice/personal-safety-australia/latest-release,PSS State and territory prevalence and time series (Tables 9 to 14).xlsx,Table 9.3,8,8,Women aged 18 years and over,Women,Northern Territory,Since age 15,"2021-22 release, released 2023-03-15",Since age 15,Total violence since age 15,45.6,5.4,generally_reliable_rse_under_25,percent,"State/territory refers to current residence, not necessarily where the experience occurred."
Table_9.3_r8_c9_Women_Australian_Capital_Territory_Since_age_15,ABS Personal Safety Survey,https://www.abs.gov.au/statistics/people/crime-and-justice/personal-safety-australia/latest-release,PSS State and territory prevalence and time series (Tables 9 to 14).xlsx,Table 9.3,8,9,Women aged 18 years and over,Women,Australian Capital Territory,Since age 15,"2021-22 release, released 2023-03-15",Since age 15,Total violence since age 15,41.9,4.7,generally_reliable_rse_under_25,percent,"State/territory refers to current residence, not necessarily where the experience occurred."
Table_9.3_r8_c10_Women_Australia_Since_age_15,ABS Personal Safety Survey,https://www.abs.gov.au/statistics/people/crime-and-justice/personal-safety-australia/latest-release,PSS State and territory prevalence and time series (Tables 9 to 14).xlsx,Table 9.3,8,10,Women aged 18 years and over,Women,Australia,Since age 15,"2021-22 release, released 2023-03-15",Since age 15,Total violence since age 15,39.2,1.6,generally_reliable_rse_under_25,percent,"State/territory refers to current residence, not necessarily where the experience occurred."
Table_9.3_r9_c2_Women_New_South_Wales_Since_age_15,ABS Personal Safety Survey,https://www.abs.gov.au/statistics/people/crime-and-justice/personal-safety-australia/latest-release,PSS State and territory prevalence and time series (Tables 9 to 14).xlsx,Table 9.3,9,2,Women aged 18 years and over,Women,New South Wales,Since age 15,"2021-22 release, released 2023-03-15",Since age 15,Sexual violence since age 15,20.5,6.2,generally_reliable_rse_under_25,percent,"State/territory refers to current residence, not necessarily where the experience occurred."
Table_9.3_r9_c3_Women_Victoria_Since_age_15,ABS Personal Safety Survey,https://www.abs.gov.au/statistics/people/crime-and-justice/personal-safety-australia/latest-release,PSS State and territory prevalence and time series (Tables 9 to 14).xlsx,Table 9.3,9,3,Women aged 18 years and over,Women,Victoria,Since age 15,"2021-22 release, released 2023-03-15",Since age 15,Sexual violence since age 15,22.2,5.4,generally_reliable_rse_under_25,percent,"State/territory refers to current residence, not necessarily where the experience occurred."
Table_9.3_r9_c4_Women_Queensland_Since_age_15,ABS Personal Safety Survey,https://www.abs.gov.au/statistics/people/crime-and-justice/personal-safety-australia/latest-release,PSS State and territory prevalence and time series (Tables 9 to 14).xlsx,Table 9.3,9,4,Women aged 18 years and over,Women,Queensland,Since age 15,"2021-22 release, released 2023-03-15",Since age 15,Sexual violence since age 15,24.0,5.7,generally_reliable_rse_under_25,percent,"State/territory refers to current residence, not necessarily where the experience occurred."
Table_9.3_r9_c5_Women_South_Australia_Since_age_15,ABS Personal Safety Survey,https://www.abs.gov.au/statistics/people/crime-and-justice/personal-safety-australia/latest-release,PSS State and territory prevalence and time series (Tables 9 to 14).xlsx,Table 9.3,9,5,Women aged 18 years and over,Women,South Australia,Since age 15,"2021-22 release, released 2023-03-15",Since age 15,Sexual violence since age 15,21.4,5.9,generally_reliable_rse_under_25,percent,"State/territory refers to current residence, not necessarily where the experience occurred."
Table_9.3_r9_c6_Women_Western_Australia_Since_age_15,ABS Personal Safety Survey,https://www.abs.gov.au/statistics/people/crime-and-justice/personal-safety-australia/latest-release,PSS State and territory prevalence and time series (Tables 9 to 14).xlsx,Table 9.3,9,6,Women aged 18 years and over,Women,Western Australia,Since age 15,"2021-22 release, released 2023-03-15",Since age 15,Sexual violence since age 15,22.7,5.8,generally_reliable_rse_under_25,percent,"State/territory refers to current residence, not necessarily where the experience occurred."
Table_9.3_r9_c7_Women_Tasmania_Since_age_15,ABS Personal Safety Survey,https://www.abs.gov.au/statistics/people/crime-and-justice/personal-safety-australia/latest-release,PSS State and territory prevalence and time series (Tables 9 to 14).xlsx,Table 9.3,9,7,Women aged 18 years and over,Women,Tasmania,Since age 15,"2021-22 release, released 2023-03-15",Since age 15,Sexual violence since age 15,26.0,5.5,generally_reliable_rse_under_25,percent,"State/territory refers to current residence, not necessarily where the experience occurred."
Table_9.3_r9_c8_Women_Northern_Territory_Since_age_15,ABS Personal Safety Survey,https://www.abs.gov.au/statistics/people/crime-and-justice/personal-safety-australia/latest-release,PSS State and territory prevalence and time series (Tables 9 to 14).xlsx,Table 9.3,9,8,Women aged 18 years and over,Women,Northern Territory,Since age 15,"2021-22 release, released 2023-03-15",Since age 15,Sexual violence since age 15,26.6,7.8,generally_reliable_rse_under_25,percent,"State/territory refers to current residence, not necessarily where the experience occurred."
Table_9.3_r9_c9_Women_Australian_Capital_Territory_Since_age_15,ABS Personal Safety Survey,https://www.abs.gov.au/statistics/people/crime-and-justice/personal-safety-australia/latest-release,PSS State and territory prevalence and time series (Tables 9 to 14).xlsx,Table 9.3,9,9,Women aged 18 years and over,Women,Australian Capital Territory,Since age 15,"2021-22 release, released 2023-03-15",Since age 15,Sexual violence since age 15,25.1,6.3,generally_reliable_rse_under_25,percent,"State/territory refers to current residence, not necessarily where the experience occurred."
Table_9.3_r9_c10_Women_Australia_Since_age_15,ABS Personal Safety Survey,https://www.abs.gov.au/statistics/people/crime-and-justice/personal-safety-australia/latest-release,PSS State and territory prevalence and time series (Tables 9 to 14).xlsx,Table 9.3,9,10,Women aged 18 years and over,Women,Australia,Since age 15,"2021-22 release, released 2023-03-15",Since age 15,Sexual violence since age 15,22.2,2.5,generally_reliable_rse_under_25,percent,"State/territory refers to current residence, not necessarily where the experience occurred."
Table_9.3_r10_c2_Women_New_South_Wales_Since_age_15,ABS Personal Safety Survey,https://www.abs.gov.au/statistics/people/crime-and-justice/personal-safety-australia/latest-release,PSS State and territory prevalence and time series (Tables 9 to 14).xlsx,Table 9.3,10,2,Women aged 18 years and over,Women,New South Wales,Since age 15,"2021-22 release, released 2023-03-15",Since age 15,Physical violence since age 15,29.1,4.6,generally_reliable_rse_under_25,percent,"State/territory refers to current residence, not necessarily where the experience occurred."
Table_9.3_r10_c3_Women_Victoria_Since_age_15,ABS Personal Safety Survey,https://www.abs.gov.au/statistics/people/crime-and-justice/personal-safety-australia/latest-release,PSS State and territory prevalence and time series (Tables 9 to 14).xlsx,Table 9.3,10,3,Women aged 18 years and over,Women,Victoria,Since age 15,"2021-22 release, released 2023-03-15",Since age 15,Physical violence since age 15,29.4,4.4,generally_reliable_rse_under_25,percent,"State/territory refers to current residence, not necessarily where the experience occurred."
Table_9.3_r10_c4_Women_Queensland_Since_age_15,ABS Personal Safety Survey,https://www.abs.gov.au/statistics/people/crime-and-justice/personal-safety-australia/latest-release,PSS State and territory prevalence and time series (Tables 9 to 14).xlsx,Table 9.3,10,4,Women aged 18 years and over,Women,Queensland,Since age 15,"2021-22 release, released 2023-03-15",Since age 15,Physical violence since age 15,33.6,4.4,generally_reliable_rse_under_25,percent,"State/territory refers to current residence, not necessarily where the experience occurred."
Table_9.3_r10_c5_Women_South_Australia_Since_age_15,ABS Personal Safety Survey,https://www.abs.gov.au/statistics/people/crime-and-justice/personal-safety-australia/latest-release,PSS State and territory prevalence and time series (Tables 9 to 14).xlsx,Table 9.3,10,5,Women aged 18 years and over,Women,South Australia,Since age 15,"2021-22 release, released 2023-03-15",Since age 15,Physical violence since age 15,31.0,4.0,generally_reliable_rse_under_25,percent,"State/territory refers to current residence, not necessarily where the experience occurred."
Table_9.3_r10_c6_Women_Western_Australia_Since_age_15,ABS Personal Safety Survey,https://www.abs.gov.au/statistics/people/crime-and-justice/personal-safety-australia/latest-release,PSS State and territory prevalence and time series (Tables 9 to 14).xlsx,Table 9.3,10,6,Women aged 18 years and over,Women,Western Australia,Since age 15,"2021-22 release, released 2023-03-15",Since age 15,Physical violence since age 15,33.5,4.6,generally_reliable_rse_under_25,percent,"State/territory refers to current residence, not necessarily where the experience occurred."
Table_9.3_r10_c7_Women_Tasmania_Since_age_15,ABS Personal Safety Survey,https://www.abs.gov.au/statistics/people/crime-and-justice/personal-safety-australia/latest-release,PSS State and territory prevalence and time series (Tables 9 to 14).xlsx,Table 9.3,10,7,Women aged 18 years and over,Women,Tasmania,Since age 15,"2021-22 release, released 2023-03-15",Since age 15,Physical violence since age 15,32.7,4.1,generally_reliable_rse_under_25,percent,"State/territory refers to current residence, not necessarily where the experience occurred."
Table_9.3_r10_c8_Women_Northern_Territory_Since_age_15,ABS Personal Safety Survey,https://www.abs.gov.au/statistics/people/crime-and-justice/personal-safety-australia/latest-release,PSS State and territory prevalence and time series (Tables 9 to 14).xlsx,Table 9.3,10,8,Women aged 18 years and over,Women,Northern Territory,Since age 15,"2021-22 release, released 2023-03-15",Since age 15,Physical violence since age 15,37.1,6.3,generally_reliable_rse_under_25,percent,"State/territory refers to current residence, not necessarily where the experience occurred."
Table_9.3_r10_c9_Women_Australian_Capital_Territory_Since_age_15,ABS Personal Safety Survey,https://www.abs.gov.au/statistics/people/crime-and-justice/personal-safety-australia/latest-release,PSS State and territory prevalence and time series (Tables 9 to 14).xlsx,Table 9.3,10,9,Women aged 18 years and over,Women,Australian Capital Territory,Since age 15,"2021-22 release, released 2023-03-15",Since age 15,Physical violence since age 15,31.2,5.8,generally_reliable_rse_under_25,percent,"State/territory refers to current residence, not necessarily where the experience occurred."
Table_9.3_r10_c10_Women_Australia_Since_age_15,ABS Personal Safety Survey,https://www.abs.gov.au/statistics/people/crime-and-justice/personal-safety-australia/latest-release,PSS State and territory prevalence and time series (Tables 9 to 14).xlsx,Table 9.3,10,10,Women aged 18 years and over,Women,Australia,Since age 15,"2021-22 release, released 2023-03-15",Since age 15,Physical violence since age 15,30.8,1.9,generally_reliable_rse_under_25,percent,"State/territory refers to current residence, not necessarily where the experience occurred."
Table_9.3_r12_c2_Women_New_South_Wales_Since_age_15,ABS Personal Safety Survey,https://www.abs.gov.au/statistics/people/crime-and-justice/personal-safety-australia/latest-release,PSS State and territory prevalence and time series (Tables 9 to 14).xlsx,Table 9.3,12,2,Women aged 18 years and over,Women,New South Wales,Since age 15,"2021-22 release, released 2023-03-15",Since age 15,Intimate partner or family member violence since age 15,24.5,5.4,generally_reliable_rse_under_25,percent,"State/territory refers to current residence, not necessarily where the experience occurred."
Table_9.3_r12_c3_Women_Victoria_Since_age_15,ABS Personal Safety Survey,https://www.abs.gov.au/statistics/people/crime-and-justice/personal-safety-australia/latest-release,PSS State and territory prevalence and time series (Tables 9 to 14).xlsx,Table 9.3,12,3,Women aged 18 years and over,Women,Victoria,Since age 15,"2021-22 release, released 2023-03-15",Since age 15,Intimate partner or family member violence since age 15,27.4,4.8,generally_reliable_rse_under_25,percent,"State/territory refers to current residence, not necessarily where the experience occurred."
Table_9.3_r12_c4_Women_Queensland_Since_age_15,ABS Personal Safety Survey,https://www.abs.gov.au/statistics/people/crime-and-justice/personal-safety-australia/latest-release,PSS State and territory prevalence and time series (Tables 9 to 14).xlsx,Table 9.3,12,4,Women aged 18 years and over,Women,Queensland,Since age 15,"2021-22 release, released 2023-03-15",Since age 15,Intimate partner or family member violence since age 15,31.0,4.2,generally_reliable_rse_under_25,percent,"State/territory refers to current residence, not necessarily where the experience occurred."
Table_9.3_r12_c5_Women_South_Australia_Since_age_15,ABS Personal Safety Survey,https://www.abs.gov.au/statistics/people/crime-and-justice/personal-safety-australia/latest-release,PSS State and territory prevalence and time series (Tables 9 to 14).xlsx,Table 9.3,12,5,Women aged 18 years and over,Women,South Australia,Since age 15,"2021-22 release, released 2023-03-15",Since age 15,Intimate partner or family member violence since age 15,28.0,4.8,generally_reliable_rse_under_25,percent,"State/territory refers to current residence, not necessarily where the experience occurred."
Table_9.3_r12_c6_Women_Western_Australia_Since_age_15,ABS Personal Safety Survey,https://www.abs.gov.au/statistics/people/crime-and-justice/personal-safety-australia/latest-release,PSS State and territory prevalence and time series (Tables 9 to 14).xlsx,Table 9.3,12,6,Women aged 18 years and over,Women,Western Australia,Since age 15,"2021-22 release, released 2023-03-15",Since age 15,Intimate partner or family member violence since age 15,28.5,5.1,generally_reliable_rse_under_25,percent,"State/territory refers to current residence, not necessarily where the experience occurred."
Table_9.3_r12_c7_Women_Tasmania_Since_age_15,ABS Personal Safety Survey,https://www.abs.gov.au/statistics/people/crime-and-justice/personal-safety-australia/latest-release,PSS State and territory prevalence and time series (Tables 9 to 14).xlsx,Table 9.3,12,7,Women aged 18 years and over,Women,Tasmania,Since age 15,"2021-22 release, released 2023-03-15",Since age 15,Intimate partner or family member violence since age 15,30.8,4.8,generally_reliable_rse_under_25,percent,"State/territory refers to current residence, not necessarily where the experience occurred."
Table_9.3_r12_c8_Women_Northern_Territory_Since_age_15,ABS Personal Safety Survey,https://www.abs.gov.au/statistics/people/crime-and-justice/personal-safety-australia/latest-release,PSS State and territory prevalence and time series (Tables 9 to 14).xlsx,Table 9.3,12,8,Women aged 18 years and over,Women,Northern Territory,Since age 15,"2021-22 release, released 2023-03-15",Since age 15,Intimate partner or family member violence since age 15,32.8,7.0,generally_reliable_rse_under_25,percent,"State/territory refers to current residence, not necessarily where the experience occurred."
Table_9.3_r12_c9_Women_Australian_Capital_Territory_Since_age_15,ABS Personal Safety Survey,https://www.abs.gov.au/statistics/people/crime-and-justice/personal-safety-australia/latest-release,PSS State and territory prevalence and time series (Tables 9 to 14).xlsx,Table 9.3,12,9,Women aged 18 years and over,Women,Australian Capital Territory,Since age 15,"2021-22 release, released 2023-03-15",Since age 15,Intimate partner or family member violence since age 15,26.8,6.0,generally_reliable_rse_under_25,percent,"State/territory refers to current residence, not necessarily where the experience occurred."
Table_9.3_r12_c10_Women_Australia_Since_age_15,ABS Personal Safety Survey,https://www.abs.gov.au/statistics/people/crime-and-justice/personal-safety-australia/latest-release,PSS State and territory prevalence and time series (Tables 9 to 14).xlsx,Table 9.3,12,10,Women aged 18 years and over,Women,Australia,Since age 15,"2021-22 release, released 2023-03-15",Since age 15,Intimate partner or family member violence since age 15,27.4,2.1,generally_reliable_rse_under_25,percent,"State/territory refers to current residence, not necessarily where the experience occurred."
Table_9.3_r13_c2_Women_New_South_Wales_Since_age_15,ABS Personal Safety Survey,https://www.abs.gov.au/statistics/people/crime-and-justice/personal-safety-australia/latest-release,PSS State and territory prevalence and time series (Tables 9 to 14).xlsx,Table 9.3,13,2,Women aged 18 years and over,Women,New South Wales,Since age 15,"2021-22 release, released 2023-03-15",Since age 15,Intimate partner violence since age 15,21.0,6.2,generally_reliable_rse_under_25,percent,"State/territory refers to current residence, not necessarily where the experience occurred."
Table_9.3_r13_c3_Women_Victoria_Since_age_15,ABS Personal Safety Survey,https://www.abs.gov.au/statistics/people/crime-and-justice/personal-safety-australia/latest-release,PSS State and territory prevalence and time series (Tables 9 to 14).xlsx,Table 9.3,13,3,Women aged 18 years and over,Women,Victoria,Since age 15,"2021-22 release, released 2023-03-15",Since age 15,Intimate partner violence since age 15,22.6,5.2,generally_reliable_rse_under_25,percent,"State/territory refers to current residence, not necessarily where the experience occurred."
Table_9.3_r13_c4_Women_Queensland_Since_age_15,ABS Personal Safety Survey,https://www.abs.gov.au/statistics/people/crime-and-justice/personal-safety-australia/latest-release,PSS State and territory prevalence and time series (Tables 9 to 14).xlsx,Table 9.3,13,4,Women aged 18 years and over,Women,Queensland,Since age 15,"2021-22 release, released 2023-03-15",Since age 15,Intimate partner violence since age 15,26.4,4.4,generally_reliable_rse_under_25,percent,"State/territory refers to current residence, not necessarily where the experience occurred."
Table_9.3_r13_c5_Women_South_Australia_Since_age_15,ABS Personal Safety Survey,https://www.abs.gov.au/statistics/people/crime-and-justice/personal-safety-australia/latest-release,PSS State and territory prevalence and time series (Tables 9 to 14).xlsx,Table 9.3,13,5,Women aged 18 years and over,Women,South Australia,Since age 15,"2021-22 release, released 2023-03-15",Since age 15,Intimate partner violence since age 15,24.1,5.6,generally_reliable_rse_under_25,percent,"State/territory refers to current residence, not necessarily where the experience occurred."
Table_9.3_r13_c6_Women_Western_Australia_Since_age_15,ABS Personal Safety Survey,https://www.abs.gov.au/statistics/people/crime-and-justice/personal-safety-australia/latest-release,PSS State and territory prevalence and time series (Tables 9 to 14).xlsx,Table 9.3,13,6,Women aged 18 years and over,Women,Western Australia,Since age 15,"2021-22 release, released 2023-03-15",Since age 15,Intimate partner violence since age 15,24.3,5.6,generally_reliable_rse_under_25,percent,"State/territory refers to current residence, not necessarily where the experience occurred."
Table_9.3_r13_c7_Women_Tasmania_Since_age_15,ABS Personal Safety Survey,https://www.abs.gov.au/statistics/people/crime-and-justice/personal-safety-australia/latest-release,PSS State and territory prevalence and time series (Tables 9 to 14).xlsx,Table 9.3,13,7,Women aged 18 years and over,Women,Tasmania,Since age 15,"2021-22 release, released 2023-03-15",Since age 15,Intimate partner violence since age 15,28.1,4.8,generally_reliable_rse_under_25,percent,"State/territory refers to current residence, not necessarily where the experience occurred."
Table_9.3_r13_c8_Women_Northern_Territory_Since_age_15,ABS Personal Safety Survey,https://www.abs.gov.au/statistics/people/crime-and-justice/personal-safety-australia/latest-release,PSS State and territory prevalence and time series (Tables 9 to 14).xlsx,Table 9.3,13,8,Women aged 18 years and over,Women,Northern Territory,Since age 15,"2021-22 release, released 2023-03-15",Since age 15,Intimate partner violence since age 15,28.1,8.0,generally_reliable_rse_under_25,percent,"State/territory refers to current residence, not necessarily where the experience occurred."
Table_9.3_r13_c9_Women_Australian_Capital_Territory_Since_age_15,ABS Personal Safety Survey,https://www.abs.gov.au/statistics/people/crime-and-justice/personal-safety-australia/latest-release,PSS State and territory prevalence and time series (Tables 9 to 14).xlsx,Table 9.3,13,9,Women aged 18 years and over,Women,Australian Capital Territory,Since age 15,"2021-22 release, released 2023-03-15",Since age 15,Intimate partner violence since age 15,23.0,6.7,generally_reliable_rse_under_25,percent,"State/territory refers to current residence, not necessarily where the experience occurred."
Table_9.3_r13_c10_Women_Australia_Since_age_15,ABS Personal Safety Survey,https://www.abs.gov.au/statistics/people/crime-and-justice/personal-safety-australia/latest-release,PSS State and territory prevalence and time series (Tables 9 to 14).xlsx,Table 9.3,13,10,Women aged 18 years and over,Women,Australia,Since age 15,"2021-22 release, released 2023-03-15",Since age 15,Intimate partner violence since age 15,23.3,2.4,generally_reliable_rse_under_25,percent,"State/territory refers to current residence, not necessarily where the experience occurred."
Table_9.3_r15_c2_Women_New_South_Wales_Since_age_15,ABS Personal Safety Survey,https://www.abs.gov.au/statistics/people/crime-and-justice/personal-safety-australia/latest-release,PSS State and territory prevalence and time series (Tables 9 to 14).xlsx,Table 9.3,15,2,Women aged 18 years and over,Women,New South Wales,Since age 15,"2021-22 release, released 2023-03-15",Since age 15,Violence or emotional/economic abuse by a cohabiting partner since age 15,25.4,5.1,generally_reliable_rse_under_25,percent,"State/territory refers to current residence, not necessarily where the experience occurred."
Table_9.3_r15_c3_Women_Victoria_Since_age_15,ABS Personal Safety Survey,https://www.abs.gov.au/statistics/people/crime-and-justice/personal-safety-australia/latest-release,PSS State and territory prevalence and time series (Tables 9 to 14).xlsx,Table 9.3,15,3,Women aged 18 years and over,Women,Victoria,Since age 15,"2021-22 release, released 2023-03-15",Since age 15,Violence or emotional/economic abuse by a cohabiting partner since age 15,26.4,4.6,generally_reliable_rse_under_25,percent,"State/territory refers to current residence, not necessarily where the experience occurred."
Table_9.3_r15_c4_Women_Queensland_Since_age_15,ABS Personal Safety Survey,https://www.abs.gov.au/statistics/people/crime-and-justice/personal-safety-australia/latest-release,PSS State and territory prevalence and time series (Tables 9 to 14).xlsx,Table 9.3,15,4,Women aged 18 years and over,Women,Queensland,Since age 15,"2021-22 release, released 2023-03-15",Since age 15,Violence or emotional/economic abuse by a cohabiting partner since age 15,29.0,3.5,generally_reliable_rse_under_25,percent,"State/territory refers to current residence, not necessarily where the experience occurred."
Table_9.3_r15_c5_Women_South_Australia_Since_age_15,ABS Personal Safety Survey,https://www.abs.gov.au/statistics/people/crime-and-justice/personal-safety-australia/latest-release,PSS State and territory prevalence and time series (Tables 9 to 14).xlsx,Table 9.3,15,5,Women aged 18 years and over,Women,South Australia,Since age 15,"2021-22 release, released 2023-03-15",Since age 15,Violence or emotional/economic abuse by a cohabiting partner since age 15,28.5,4.3,generally_reliable_rse_under_25,percent,"State/territory refers to current residence, not necessarily where the experience occurred."
Table_9.3_r15_c6_Women_Western_Australia_Since_age_15,ABS Personal Safety Survey,https://www.abs.gov.au/statistics/people/crime-and-justice/personal-safety-australia/latest-release,PSS State and territory prevalence and time series (Tables 9 to 14).xlsx,Table 9.3,15,6,Women aged 18 years and over,Women,Western Australia,Since age 15,"2021-22 release, released 2023-03-15",Since age 15,Violence or emotional/economic abuse by a cohabiting partner since age 15,29.7,5.3,generally_reliable_rse_under_25,percent,"State/territory refers to current residence, not necessarily where the experience occurred."
Table_9.3_r15_c7_Women_Tasmania_Since_age_15,ABS Personal Safety Survey,https://www.abs.gov.au/statistics/people/crime-and-justice/personal-safety-australia/latest-release,PSS State and territory prevalence and time series (Tables 9 to 14).xlsx,Table 9.3,15,7,Women aged 18 years and over,Women,Tasmania,Since age 15,"2021-22 release, released 2023-03-15",Since age 15,Violence or emotional/economic abuse by a cohabiting partner since age 15,31.9,4.1,generally_reliable_rse_under_25,percent,"State/territory refers to current residence, not necessarily where the experience occurred."
Table_9.3_r15_c8_Women_Northern_Territory_Since_age_15,ABS Personal Safety Survey,https://www.abs.gov.au/statistics/people/crime-and-justice/personal-safety-australia/latest-release,PSS State and territory prevalence and time series (Tables 9 to 14).xlsx,Table 9.3,15,8,Women aged 18 years and over,Women,Northern Territory,Since age 15,"2021-22 release, released 2023-03-15",Since age 15,Violence or emotional/economic abuse by a cohabiting partner since age 15,30.8,6.8,generally_reliable_rse_under_25,percent,"State/territory refers to current residence, not necessarily where the experience occurred."
Table_9.3_r15_c9_Women_Australian_Capital_Territory_Since_age_15,ABS Personal Safety Survey,https://www.abs.gov.au/statistics/people/crime-and-justice/personal-safety-australia/latest-release,PSS State and territory prevalence and time series (Tables 9 to 14).xlsx,Table 9.3,15,9,Women aged 18 years and over,Women,Australian Capital Territory,Since age 15,"2021-22 release, released 2023-03-15",Since age 15,Violence or emotional/economic abuse by a cohabiting partner since age 15,25.7,6.2,generally_reliable_rse_under_25,percent,"State/territory refers to current residence, not necessarily where the experience occurred."
Table_9.3_r15_c10_Women_Australia_Since_age_15,ABS Personal Safety Survey,https://www.abs.gov.au/statistics/people/crime-and-justice/personal-safety-australia/latest-release,PSS State and territory prevalence and time series (Tables 9 to 14).xlsx,Table 9.3,15,10,Women aged 18 years and over,Women,Australia,Since age 15,"2021-22 release, released 2023-03-15",Since age 15,Violence or emotional/economic abuse by a cohabiting partner since age 15,27.3,1.9,generally_reliable_rse_under_25,percent,"State/territory refers to current residence, not necessarily where the experience occurred."
Table_9.3_r16_c2_Women_New_South_Wales_Since_age_15,ABS Personal Safety Survey,https://www.abs.gov.au/statistics/people/crime-and-justice/personal-safety-australia/latest-release,PSS State and territory prevalence and time series (Tables 9 to 14).xlsx,Table 9.3,16,2,Women aged 18 years and over,Women,New South Wales,Since age 15,"2021-22 release, released 2023-03-15",Since age 15,Cohabiting partner violence since age 15,14.7,6.8,generally_reliable_rse_under_25,percent,"State/territory refers to current residence, not necessarily where the experience occurred."
Table_9.3_r16_c3_Women_Victoria_Since_age_15,ABS Personal Safety Survey,https://www.abs.gov.au/statistics/people/crime-and-justice/personal-safety-australia/latest-release,PSS State and territory prevalence and time series (Tables 9 to 14).xlsx,Table 9.3,16,3,Women aged 18 years and over,Women,Victoria,Since age 15,"2021-22 release, released 2023-03-15",Since age 15,Cohabiting partner violence since age 15,16.1,6.8,generally_reliable_rse_under_25,percent,"State/territory refers to current residence, not necessarily where the experience occurred."
Table_9.3_r16_c4_Women_Queensland_Since_age_15,ABS Personal Safety Survey,https://www.abs.gov.au/statistics/people/crime-and-justice/personal-safety-australia/latest-release,PSS State and territory prevalence and time series (Tables 9 to 14).xlsx,Table 9.3,16,4,Women aged 18 years and over,Women,Queensland,Since age 15,"2021-22 release, released 2023-03-15",Since age 15,Cohabiting partner violence since age 15,19.9,5.0,generally_reliable_rse_under_25,percent,"State/territory refers to current residence, not necessarily where the experience occurred."
Table_9.3_r16_c5_Women_South_Australia_Since_age_15,ABS Personal Safety Survey,https://www.abs.gov.au/statistics/people/crime-and-justice/personal-safety-australia/latest-release,PSS State and territory prevalence and time series (Tables 9 to 14).xlsx,Table 9.3,16,5,Women aged 18 years and over,Women,South Australia,Since age 15,"2021-22 release, released 2023-03-15",Since age 15,Cohabiting partner violence since age 15,16.9,6.9,generally_reliable_rse_under_25,percent,"State/territory refers to current residence, not necessarily where the experience occurred."
Table_9.3_r16_c6_Women_Western_Australia_Since_age_15,ABS Personal Safety Survey,https://www.abs.gov.au/statistics/people/crime-and-justice/personal-safety-australia/latest-release,PSS State and territory prevalence and time series (Tables 9 to 14).xlsx,Table 9.3,16,6,Women aged 18 years and over,Women,Western Australia,Since age 15,"2021-22 release, released 2023-03-15",Since age 15,Cohabiting partner violence since age 15,18.5,7.5,generally_reliable_rse_under_25,percent,"State/territory refers to current residence, not necessarily where the experience occurred."
Table_9.3_r16_c7_Women_Tasmania_Since_age_15,ABS Personal Safety Survey,https://www.abs.gov.au/statistics/people/crime-and-justice/personal-safety-australia/latest-release,PSS State and territory prevalence and time series (Tables 9 to 14).xlsx,Table 9.3,16,7,Women aged 18 years and over,Women,Tasmania,Since age 15,"2021-22 release, released 2023-03-15",Since age 15,Cohabiting partner violence since age 15,21.6,4.7,generally_reliable_rse_under_25,percent,"State/territory refers to current residence, not necessarily where the experience occurred."
Table_9.3_r16_c8_Women_Northern_Territory_Since_age_15,ABS Personal Safety Survey,https://www.abs.gov.au/statistics/people/crime-and-justice/personal-safety-australia/latest-release,PSS State and territory prevalence and time series (Tables 9 to 14).xlsx,Table 9.3,16,8,Women aged 18 years and over,Women,Northern Territory,Since age 15,"2021-22 release, released 2023-03-15",Since age 15,Cohabiting partner violence since age 15,20.9,8.7,generally_reliable_rse_under_25,percent,"State/territory refers to current residence, not necessarily where the experience occurred."
Table_9.3_r16_c9_Women_Australian_Capital_Territory_Since_age_15,ABS Personal Safety Survey,https://www.abs.gov.au/statistics/people/crime-and-justice/personal-safety-australia/latest-release,PSS State and territory prevalence and time series (Tables 9 to 14).xlsx,Table 9.3,16,9,Women aged 18 years and over,Women,Australian Capital Territory,Since age 15,"2021-22 release, released 2023-03-15",Since age 15,Cohabiting partner violence since age 15,15.1,8.8,generally_reliable_rse_under_25,percent,"State/territory refers to current residence, not necessarily where the experience occurred."
Table_9.3_r16_c10_Women_Australia_Since_age_15,ABS Personal Safety Survey,https://www.abs.gov.au/statistics/people/crime-and-justice/personal-safety-australia/latest-release,PSS State and territory prevalence and time series (Tables 9 to 14).xlsx,Table 9.3,16,10,Women aged 18 years and over,Women,Australia,Since age 15,"2021-22 release, released 2023-03-15",Since age 15,Cohabiting partner violence since age 15,16.9,2.7,generally_reliable_rse_under_25,percent,"State/territory refers to current residence, not necessarily where the experience occurred."
Table_9.3_r17_c2_Women_New_South_Wales_Since_age_15,ABS Personal Safety Survey,https://www.abs.gov.au/statistics/people/crime-and-justice/personal-safety-australia/latest-release,PSS State and territory prevalence and time series (Tables 9 to 14).xlsx,Table 9.3,17,2,Women aged 18 years and over,Women,New South Wales,Since age 15,"2021-22 release, released 2023-03-15",Since age 15,Cohabiting partner emotional abuse since age 15,22.6,6.0,generally_reliable_rse_under_25,percent,"State/territory refers to current residence, not necessarily where the experience occurred."
Table_9.3_r17_c3_Women_Victoria_Since_age_15,ABS Personal Safety Survey,https://www.abs.gov.au/statistics/people/crime-and-justice/personal-safety-australia/latest-release,PSS State and territory prevalence and time series (Tables 9 to 14).xlsx,Table 9.3,17,3,Women aged 18 years and over,Women,Victoria,Since age 15,"2021-22 release, released 2023-03-15",Since age 15,Cohabiting partner emotional abuse since age 15,22.3,5.2,generally_reliable_rse_under_25,percent,"State/territory refers to current residence, not necessarily where the experience occurred."
Table_9.3_r17_c4_Women_Queensland_Since_age_15,ABS Personal Safety Survey,https://www.abs.gov.au/statistics/people/crime-and-justice/personal-safety-australia/latest-release,PSS State and territory prevalence and time series (Tables 9 to 14).xlsx,Table 9.3,17,4,Women aged 18 years and over,Women,Queensland,Since age 15,"2021-22 release, released 2023-03-15",Since age 15,Cohabiting partner emotional abuse since age 15,22.9,4.6,generally_reliable_rse_under_25,percent,"State/territory refers to current residence, not necessarily where the experience occurred."
Table_9.3_r17_c5_Women_South_Australia_Since_age_15,ABS Personal Safety Survey,https://www.abs.gov.au/statistics/people/crime-and-justice/personal-safety-australia/latest-release,PSS State and territory prevalence and time series (Tables 9 to 14).xlsx,Table 9.3,17,5,Women aged 18 years and over,Women,South Australia,Since age 15,"2021-22 release, released 2023-03-15",Since age 15,Cohabiting partner emotional abuse since age 15,24.3,5.6,generally_reliable_rse_under_25,percent,"State/territory refers to current residence, not necessarily where the experience occurred."
Table_9.3_r17_c6_Women_Western_Australia_Since_age_15,ABS Personal Safety Survey,https://www.abs.gov.au/statistics/people/crime-and-justice/personal-safety-australia/latest-release,PSS State and territory prevalence and time series (Tables 9 to 14).xlsx,Table 9.3,17,6,Women aged 18 years and over,Women,Western Australia,Since age 15,"2021-22 release, released 2023-03-15",Since age 15,Cohabiting partner emotional abuse since age 15,23.7,5.8,generally_reliable_rse_under_25,percent,"State/territory refers to current residence, not necessarily where the experience occurred."
Table_9.3_r17_c7_Women_Tasmania_Since_age_15,ABS Personal Safety Survey,https://www.abs.gov.au/statistics/people/crime-and-justice/personal-safety-australia/latest-release,PSS State and territory prevalence and time series (Tables 9 to 14).xlsx,Table 9.3,17,7,Women aged 18 years and over,Women,Tasmania,Since age 15,"2021-22 release, released 2023-03-15",Since age 15,Cohabiting partner emotional abuse since age 15,28.3,4.6,generally_reliable_rse_under_25,percent,"State/territory refers to current residence, not necessarily where the experience occurred."
Table_9.3_r17_c8_Women_Northern_Territory_Since_age_15,ABS Personal Safety Survey,https://www.abs.gov.au/statistics/people/crime-and-justice/personal-safety-australia/latest-release,PSS State and territory prevalence and time series (Tables 9 to 14).xlsx,Table 9.3,17,8,Women aged 18 years and over,Women,Northern Territory,Since age 15,"2021-22 release, released 2023-03-15",Since age 15,Cohabiting partner emotional abuse since age 15,26.3,8.4,generally_reliable_rse_under_25,percent,"State/territory refers to current residence, not necessarily where the experience occurred."
Table_9.3_r17_c9_Women_Australian_Capital_Territory_Since_age_15,ABS Personal Safety Survey,https://www.abs.gov.au/statistics/people/crime-and-justice/personal-safety-australia/latest-release,PSS State and territory prevalence and time series (Tables 9 to 14).xlsx,Table 9.3,17,9,Women aged 18 years and over,Women,Australian Capital Territory,Since age 15,"2021-22 release, released 2023-03-15",Since age 15,Cohabiting partner emotional abuse since age 15,21.3,7.2,generally_reliable_rse_under_25,percent,"State/territory refers to current residence, not necessarily where the experience occurred."
Table_9.3_r17_c10_Women_Australia_Since_age_15,ABS Personal Safety Survey,https://www.abs.gov.au/statistics/people/crime-and-justice/personal-safety-australia/latest-release,PSS State and territory prevalence and time series (Tables 9 to 14).xlsx,Table 9.3,17,10,Women aged 18 years and over,Women,Australia,Since age 15,"2021-22 release, released 2023-03-15",Since age 15,Cohabiting partner emotional abuse since age 15,22.9,2.4,generally_reliable_rse_under_25,percent,"State/territory refers to current residence, not necessarily where the experience occurred."
Table_9.3_r18_c2_Women_New_South_Wales_Since_age_15,ABS Personal Safety Survey,https://www.abs.gov.au/statistics/people/crime-and-justice/personal-safety-australia/latest-release,PSS State and territory prevalence and time series (Tables 9 to 14).xlsx,Table 9.3,18,2,Women aged 18 years and over,Women,New South Wales,Since age 15,"2021-22 release, released 2023-03-15",Since age 15,Cohabiting partner economic abuse since age 15,17.0,7.1,generally_reliable_rse_under_25,percent,"State/territory refers to current residence, not necessarily where the experience occurred."
Table_9.3_r18_c3_Women_Victoria_Since_age_15,ABS Personal Safety Survey,https://www.abs.gov.au/statistics/people/crime-and-justice/personal-safety-australia/latest-release,PSS State and territory prevalence and time series (Tables 9 to 14).xlsx,Table 9.3,18,3,Women aged 18 years and over,Women,Victoria,Since age 15,"2021-22 release, released 2023-03-15",Since age 15,Cohabiting partner economic abuse since age 15,14.5,6.5,generally_reliable_rse_under_25,percent,"State/territory refers to current residence, not necessarily where the experience occurred."
Table_9.3_r18_c4_Women_Queensland_Since_age_15,ABS Personal Safety Survey,https://www.abs.gov.au/statistics/people/crime-and-justice/personal-safety-australia/latest-release,PSS State and territory prevalence and time series (Tables 9 to 14).xlsx,Table 9.3,18,4,Women aged 18 years and over,Women,Queensland,Since age 15,"2021-22 release, released 2023-03-15",Since age 15,Cohabiting partner economic abuse since age 15,16.9,5.7,generally_reliable_rse_under_25,percent,"State/territory refers to current residence, not necessarily where the experience occurred."
Table_9.3_r18_c5_Women_South_Australia_Since_age_15,ABS Personal Safety Survey,https://www.abs.gov.au/statistics/people/crime-and-justice/personal-safety-australia/latest-release,PSS State and territory prevalence and time series (Tables 9 to 14).xlsx,Table 9.3,18,5,Women aged 18 years and over,Women,South Australia,Since age 15,"2021-22 release, released 2023-03-15",Since age 15,Cohabiting partner economic abuse since age 15,17.4,7.2,generally_reliable_rse_under_25,percent,"State/territory refers to current residence, not necessarily where the experience occurred."
Table_9.3_r18_c6_Women_Western_Australia_Since_age_15,ABS Personal Safety Survey,https://www.abs.gov.au/statistics/people/crime-and-justice/personal-safety-australia/latest-release,PSS State and territory prevalence and time series (Tables 9 to 14).xlsx,Table 9.3,18,6,Women aged 18 years and over,Women,Western Australia,Since age 15,"2021-22 release, released 2023-03-15",Since age 15,Cohabiting partner economic abuse since age 15,15.8,7.0,generally_reliable_rse_under_25,percent,"State/territory refers to current residence, not necessarily where the experience occurred."
Table_9.3_r18_c7_Women_Tasmania_Since_age_15,ABS Personal Safety Survey,https://www.abs.gov.au/statistics/people/crime-and-justice/personal-safety-australia/latest-release,PSS State and territory prevalence and time series (Tables 9 to 14).xlsx,Table 9.3,18,7,Women aged 18 years and over,Women,Tasmania,Since age 15,"2021-22 release, released 2023-03-15",Since age 15,Cohabiting partner economic abuse since age 15,19.6,5.0,generally_reliable_rse_under_25,percent,"State/territory refers to current residence, not necessarily where the experience occurred."
Table_9.3_r18_c8_Women_Northern_Territory_Since_age_15,ABS Personal Safety Survey,https://www.abs.gov.au/statistics/people/crime-and-justice/personal-safety-australia/latest-release,PSS State and territory prevalence and time series (Tables 9 to 14).xlsx,Table 9.3,18,8,Women aged 18 years and over,Women,Northern Territory,Since age 15,"2021-22 release, released 2023-03-15",Since age 15,Cohabiting partner economic abuse since age 15,17.0,10.0,generally_reliable_rse_under_25,percent,"State/territory refers to current residence, not necessarily where the experience occurred."
Table_9.3_r18_c9_Women_Australian_Capital_Territory_Since_age_15,ABS Personal Safety Survey,https://www.abs.gov.au/statistics/people/crime-and-justice/personal-safety-australia/latest-release,PSS State and territory prevalence and time series (Tables 9 to 14).xlsx,Table 9.3,18,9,Women aged 18 years and over,Women,Australian Capital Territory,Since age 15,"2021-22 release, released 2023-03-15",Since age 15,Cohabiting partner economic abuse since age 15,14.8,8.7,generally_reliable_rse_under_25,percent,"State/territory refers to current residence, not necessarily where the experience occurred."
Table_9.3_r18_c10_Women_Australia_Since_age_15,ABS Personal Safety Survey,https://www.abs.gov.au/statistics/people/crime-and-justice/personal-safety-australia/latest-release,PSS State and territory prevalence and time series (Tables 9 to 14).xlsx,Table 9.3,18,10,Women aged 18 years and over,Women,Australia,Since age 15,"2021-22 release, released 2023-03-15",Since age 15,Cohabiting partner economic abuse since age 15,16.3,3.1,generally_reliable_rse_under_25,percent,"State/territory refers to current residence, not necessarily where the experience occurred."
Table_9.3_r20_c2_Women_New_South_Wales_Since_age_15,ABS Personal Safety Survey,https://www.abs.gov.au/statistics/people/crime-and-justice/personal-safety-australia/latest-release,PSS State and territory prevalence and time series (Tables 9 to 14).xlsx,Table 9.3,20,2,Women aged 18 years and over,Women,New South Wales,Since age 15,"2021-22 release, released 2023-03-15",Since age 15,Sexual harassment since age 15,50.3,2.8,generally_reliable_rse_under_25,percent,"State/territory refers to current residence, not necessarily where the experience occurred."
Table_9.3_r20_c3_Women_Victoria_Since_age_15,ABS Personal Safety Survey,https://www.abs.gov.au/statistics/people/crime-and-justice/personal-safety-australia/latest-release,PSS State and territory prevalence and time series (Tables 9 to 14).xlsx,Table 9.3,20,3,Women aged 18 years and over,Women,Victoria,Since age 15,"2021-22 release, released 2023-03-15",Since age 15,Sexual harassment since age 15,55.6,2.3,generally_reliable_rse_under_25,percent,"State/territory refers to current residence, not necessarily where the experience occurred."
Table_9.3_r20_c4_Women_Queensland_Since_age_15,ABS Personal Safety Survey,https://www.abs.gov.au/statistics/people/crime-and-justice/personal-safety-australia/latest-release,PSS State and territory prevalence and time series (Tables 9 to 14).xlsx,Table 9.3,20,4,Women aged 18 years and over,Women,Queensland,Since age 15,"2021-22 release, released 2023-03-15",Since age 15,Sexual harassment since age 15,52.3,2.0,generally_reliable_rse_under_25,percent,"State/territory refers to current residence, not necessarily where the experience occurred."
Table_9.3_r20_c5_Women_South_Australia_Since_age_15,ABS Personal Safety Survey,https://www.abs.gov.au/statistics/people/crime-and-justice/personal-safety-australia/latest-release,PSS State and territory prevalence and time series (Tables 9 to 14).xlsx,Table 9.3,20,5,Women aged 18 years and over,Women,South Australia,Since age 15,"2021-22 release, released 2023-03-15",Since age 15,Sexual harassment since age 15,54.4,2.8,generally_reliable_rse_under_25,percent,"State/territory refers to current residence, not necessarily where the experience occurred."
Table_9.3_r20_c6_Women_Western_Australia_Since_age_15,ABS Personal Safety Survey,https://www.abs.gov.au/statistics/people/crime-and-justice/personal-safety-australia/latest-release,PSS State and territory prevalence and time series (Tables 9 to 14).xlsx,Table 9.3,20,6,Women aged 18 years and over,Women,Western Australia,Since age 15,"2021-22 release, released 2023-03-15",Since age 15,Sexual harassment since age 15,52.4,2.4,generally_reliable_rse_under_25,percent,"State/territory refers to current residence, not necessarily where the experience occurred."
Table_9.3_r20_c7_Women_Tasmania_Since_age_15,ABS Personal Safety Survey,https://www.abs.gov.au/statistics/people/crime-and-justice/personal-safety-australia/latest-release,PSS State and territory prevalence and time series (Tables 9 to 14).xlsx,Table 9.3,20,7,Women aged 18 years and over,Women,Tasmania,Since age 15,"2021-22 release, released 2023-03-15",Since age 15,Sexual harassment since age 15,56.8,2.2,generally_reliable_rse_under_25,percent,"State/territory refers to current residence, not necessarily where the experience occurred."
Table_9.3_r20_c8_Women_Northern_Territory_Since_age_15,ABS Personal Safety Survey,https://www.abs.gov.au/statistics/people/crime-and-justice/personal-safety-australia/latest-release,PSS State and territory prevalence and time series (Tables 9 to 14).xlsx,Table 9.3,20,8,Women aged 18 years and over,Women,Northern Territory,Since age 15,"2021-22 release, released 2023-03-15",Since age 15,Sexual harassment since age 15,58.7,2.5,generally_reliable_rse_under_25,percent,"State/territory refers to current residence, not necessarily where the experience occurred."
Table_9.3_r20_c9_Women_Australian_Capital_Territory_Since_age_15,ABS Personal Safety Survey,https://www.abs.gov.au/statistics/people/crime-and-justice/personal-safety-australia/latest-release,PSS State and territory prevalence and time series (Tables 9 to 14).xlsx,Table 9.3,20,9,Women aged 18 years and over,Women,Australian Capital Territory,Since age 15,"2021-22 release, released 2023-03-15",Since age 15,Sexual harassment since age 15,58.9,2.1,generally_reliable_rse_under_25,percent,"State/territory refers to current residence, not necessarily where the experience occurred."
Table_9.3_r20_c10_Women_Australia_Since_age_15,ABS Personal Safety Survey,https://www.abs.gov.au/statistics/people/crime-and-justice/personal-safety-australia/latest-release,PSS State and territory prevalence and time series (Tables 9 to 14).xlsx,Table 9.3,20,10,Women aged 18 years and over,Women,Australia,Since age 15,"2021-22 release, released 2023-03-15",Since age 15,Sexual harassment since age 15,52.9,1.4,generally_reliable_rse_under_25,percent,"State/territory refers to current residence, not necessarily where the experience occurred."
Table_9.3_r22_c2_Women_New_South_Wales_Since_age_15,ABS Personal Safety Survey,https://www.abs.gov.au/statistics/people/crime-and-justice/personal-safety-australia/latest-release,PSS State and territory prevalence and time series (Tables 9 to 14).xlsx,Table 9.3,22,2,Women aged 18 years and over,Women,New South Wales,Since age 15,"2021-22 release, released 2023-03-15",Since age 15,Stalking since age 15,20.1,7.0,generally_reliable_rse_under_25,percent,"State/territory refers to current residence, not necessarily where the experience occurred."
Table_9.3_r22_c3_Women_Victoria_Since_age_15,ABS Personal Safety Survey,https://www.abs.gov.au/statistics/people/crime-and-justice/personal-safety-australia/latest-release,PSS State and territory prevalence and time series (Tables 9 to 14).xlsx,Table 9.3,22,3,Women aged 18 years and over,Women,Victoria,Since age 15,"2021-22 release, released 2023-03-15",Since age 15,Stalking since age 15,20.2,5.3,generally_reliable_rse_under_25,percent,"State/territory refers to current residence, not necessarily where the experience occurred."
Table_9.3_r22_c4_Women_Queensland_Since_age_15,ABS Personal Safety Survey,https://www.abs.gov.au/statistics/people/crime-and-justice/personal-safety-australia/latest-release,PSS State and territory prevalence and time series (Tables 9 to 14).xlsx,Table 9.3,22,4,Women aged 18 years and over,Women,Queensland,Since age 15,"2021-22 release, released 2023-03-15",Since age 15,Stalking since age 15,19.9,6.2,generally_reliable_rse_under_25,percent,"State/territory refers to current residence, not necessarily where the experience occurred."
Table_9.3_r22_c5_Women_South_Australia_Since_age_15,ABS Personal Safety Survey,https://www.abs.gov.au/statistics/people/crime-and-justice/personal-safety-australia/latest-release,PSS State and territory prevalence and time series (Tables 9 to 14).xlsx,Table 9.3,22,5,Women aged 18 years and over,Women,South Australia,Since age 15,"2021-22 release, released 2023-03-15",Since age 15,Stalking since age 15,21.1,6.3,generally_reliable_rse_under_25,percent,"State/territory refers to current residence, not necessarily where the experience occurred."
Table_9.3_r22_c6_Women_Western_Australia_Since_age_15,ABS Personal Safety Survey,https://www.abs.gov.au/statistics/people/crime-and-justice/personal-safety-australia/latest-release,PSS State and territory prevalence and time series (Tables 9 to 14).xlsx,Table 9.3,22,6,Women aged 18 years and over,Women,Western Australia,Since age 15,"2021-22 release, released 2023-03-15",Since age 15,Stalking since age 15,20.0,6.3,generally_reliable_rse_under_25,percent,"State/territory refers to current residence, not necessarily where the experience occurred."
Table_9.3_r22_c7_Women_Tasmania_Since_age_15,ABS Personal Safety Survey,https://www.abs.gov.au/statistics/people/crime-and-justice/personal-safety-australia/latest-release,PSS State and territory prevalence and time series (Tables 9 to 14).xlsx,Table 9.3,22,7,Women aged 18 years and over,Women,Tasmania,Since age 15,"2021-22 release, released 2023-03-15",Since age 15,Stalking since age 15,21.1,5.7,generally_reliable_rse_under_25,percent,"State/territory refers to current residence, not necessarily where the experience occurred."
Table_9.3_r22_c8_Women_Northern_Territory_Since_age_15,ABS Personal Safety Survey,https://www.abs.gov.au/statistics/people/crime-and-justice/personal-safety-australia/latest-release,PSS State and territory prevalence and time series (Tables 9 to 14).xlsx,Table 9.3,22,8,Women aged 18 years and over,Women,Northern Territory,Since age 15,"2021-22 release, released 2023-03-15",Since age 15,Stalking since age 15,19.1,9.6,generally_reliable_rse_under_25,percent,"State/territory refers to current residence, not necessarily where the experience occurred."
Table_9.3_r22_c9_Women_Australian_Capital_Territory_Since_age_15,ABS Personal Safety Survey,https://www.abs.gov.au/statistics/people/crime-and-justice/personal-safety-australia/latest-release,PSS State and territory prevalence and time series (Tables 9 to 14).xlsx,Table 9.3,22,9,Women aged 18 years and over,Women,Australian Capital Territory,Since age 15,"2021-22 release, released 2023-03-15",Since age 15,Stalking since age 15,20.9,7.9,generally_reliable_rse_under_25,percent,"State/territory refers to current residence, not necessarily where the experience occurred."
Table_9.3_r22_c10_Women_Australia_Since_age_15,ABS Personal Safety Survey,https://www.abs.gov.au/statistics/people/crime-and-justice/personal-safety-australia/latest-release,PSS State and territory prevalence and time series (Tables 9 to 14).xlsx,Table 9.3,22,10,Women aged 18 years and over,Women,Australia,Since age 15,"2021-22 release, released 2023-03-15",Since age 15,Stalking since age 15,20.3,3.0,generally_reliable_rse_under_25,percent,"State/territory refers to current residence, not necessarily where the experience occurred."
